,url
0,https://xe.chotot.com//[object Object]-quan-cau-giay-ha-noi/86685110.htm#px=SR-stickyad-[PO-1][PL-top]
1,https://xe.chotot.com//[object Object]-quan-duong-kinh-hai-phong/87923353.htm#px=SR-stickyad-[PO-2][PL-top]
2,https://xe.chotot.com//[object Object]-thanh-pho-hai-duong-hai-duong/87957681.htm#px=SR-stickyad-[PO-3][PL-top]
3,https://xe.chotot.com//[object Object]-quan-cau-giay-ha-noi/87617682.htm#px=SR-stickyad-[PO-4][PL-top]
4,https://xe.chotot.com//[object Object]-huyen-ninh-giang-hai-duong/87956162.htm#px=SR-stickyad-[PO-5][PL-top]
5,https://xe.chotot.com//[object Object]-thanh-pho-ninh-binh-ninh-binh/87960106.htm
6,https://xe.chotot.com//[object Object]-quan-thu-duc-tp-ho-chi-minh/84468892.htm
7,https://xe.chotot.com//[object Object]-quan-nam-tu-liem-ha-noi/87914022.htm
8,https://xe.chotot.com//[object Object]-huyen-cam-giang-hai-duong/87960103.htm
9,https://xe.chotot.com//[object Object]-huyen-xuan-truong-nam-dinh/87898635.htm
10,https://xe.chotot.com//[object Object]-quan-long-bien-ha-noi/87876337.htm
11,https://xe.chotot.com//[object Object]-quan-bac-tu-liem-ha-noi/87759336.htm
12,https://xe.chotot.com//[object Object]-quan-nam-tu-liem-ha-noi/87945750.htm
13,https://xe.chotot.com//[object Object]-quan-thu-duc-tp-ho-chi-minh/85036596.htm
14,https://xe.chotot.com//[object Object]-quan-nam-tu-liem-ha-noi/86943026.htm
15,https://xe.chotot.com//[object Object]-thi-xa-kinh-mon-hai-duong/87960021.htm
16,https://xe.chotot.com//[object Object]-quan-tay-ho-ha-noi/87579086.htm
17,https://xe.chotot.com//[object Object]-huyen-bau-bang-binh-duong/87960010.htm
18,https://xe.chotot.com//[object Object]-huyen-gia-binh-bac-ninh/87959997.htm
19,https://xe.chotot.com//[object Object]-quan-bac-tu-liem-ha-noi/87509651.htm
20,https://xe.chotot.com//[object Object]-quan-bac-tu-liem-ha-noi/87759667.htm
21,https://xe.chotot.com//[object Object]-quan-nam-tu-liem-ha-noi/87954724.htm
22,https://xe.chotot.com//[object Object]-quan-thu-duc-tp-ho-chi-minh/87951780.htm
23,https://xe.chotot.com//[object Object]-quan-7-tp-ho-chi-minh/83181436.htm
24,https://xe.chotot.com//[object Object]-thi-xa-kinh-mon-hai-duong/87959936.htm
25,https://xe.chotot.com//[object Object]-thanh-pho-hai-duong-hai-duong/87957681.htm#px=SR-stickyad-[PO-1][PL-top]
26,https://xe.chotot.com//[object Object]-thanh-pho-hai-duong-hai-duong/87959644.htm#px=SR-stickyad-[PO-2][PL-top]
27,https://xe.chotot.com//[object Object]-huyen-ninh-giang-hai-duong/87956162.htm#px=SR-stickyad-[PO-3][PL-top]
28,https://xe.chotot.com//[object Object]-quan-duong-kinh-hai-phong/87923353.htm#px=SR-stickyad-[PO-4][PL-top]
29,https://xe.chotot.com//[object Object]-quan-cau-giay-ha-noi/87919917.htm#px=SR-stickyad-[PO-5][PL-top]
30,https://xe.chotot.com//[object Object]-thi-xa-kinh-mon-hai-duong/87959921.htm
31,https://xe.chotot.com//[object Object]-quan-bac-tu-liem-ha-noi/86771904.htm
32,https://xe.chotot.com//[object Object]-huyen-lac-duong-lam-dong/87923296.htm
33,https://xe.chotot.com//[object Object]-huyen-ia-grai-gia-lai/87724211.htm
34,https://xe.chotot.com//[object Object]-quan-thu-duc-tp-ho-chi-minh/87885716.htm
35,https://xe.chotot.com//[object Object]-quan-7-tp-ho-chi-minh/85607517.htm
36,https://xe.chotot.com//[object Object]-quan-cau-giay-ha-noi/87699003.htm
37,https://xe.chotot.com//[object Object]-quan-bac-tu-liem-ha-noi/86572573.htm
38,https://xe.chotot.com//[object Object]-quan-cau-giay-ha-noi/87557103.htm
39,https://xe.chotot.com//[object Object]-quan-ba-dinh-ha-noi/87331364.htm
40,https://xe.chotot.com//[object Object]-quan-cau-giay-ha-noi/87879558.htm
41,https://xe.chotot.com//[object Object]-thi-xa-tan-uyen-binh-duong/87959828.htm
42,https://xe.chotot.com//[object Object]-quan-8-tp-ho-chi-minh/85552058.htm
43,https://xe.chotot.com//[object Object]-quan-thu-duc-tp-ho-chi-minh/86455538.htm
44,https://xe.chotot.com//[object Object]-quan-7-tp-ho-chi-minh/87597107.htm
45,https://xe.chotot.com//[object Object]-quan-5-tp-ho-chi-minh/86240733.htm
46,https://xe.chotot.com//[object Object]-quan-nam-tu-liem-ha-noi/87959799.htm
47,https://xe.chotot.com//[object Object]-quan-2-tp-ho-chi-minh/87953500.htm
48,https://xe.chotot.com//[object Object]-thanh-pho-tam-ky-quang-nam/87959793.htm
49,https://xe.chotot.com//[object Object]-quan-bac-tu-liem-ha-noi/85591064.htm
50,https://xe.chotot.com//[object Object]-thanh-pho-bien-hoa-dong-nai/87360568.htm
51,https://xe.chotot.com//[object Object]-quan-long-bien-ha-noi/87876288.htm
52,https://xe.chotot.com//[object Object]-quan-nam-tu-liem-ha-noi/85219685.htm
53,https://xe.chotot.com//[object Object]-quan-cau-giay-ha-noi/87957144.htm
54,https://xe.chotot.com//[object Object]-thanh-pho-bien-hoa-dong-nai/85265217.htm
55,https://xe.chotot.com//[object Object]-quan-cau-giay-ha-noi/82498727.htm
56,https://xe.chotot.com//[object Object]-quan-hoang-mai-ha-noi/85238326.htm
57,https://xe.chotot.com//[object Object]-huyen-tan-phu-dong-nai/84049908.htm
58,https://xe.chotot.com//[object Object]-huyen-cu-chi-tp-ho-chi-minh/87753930.htm
59,https://xe.chotot.com//[object Object]-huyen-chuong-my-ha-noi/87284440.htm
60,https://xe.chotot.com//[object Object]-quan-hoang-mai-ha-noi/87959756.htm
61,https://xe.chotot.com//[object Object]-quan-8-tp-ho-chi-minh/87739899.htm
62,https://xe.chotot.com//[object Object]-huyen-nam-dan-nghe-an/87936284.htm
63,https://xe.chotot.com//[object Object]-quan-nam-tu-liem-ha-noi/87959730.htm
64,https://xe.chotot.com//[object Object]-quan-cau-giay-ha-noi/87394550.htm
65,https://xe.chotot.com//[object Object]-quan-thanh-xuan-ha-noi/85593335.htm
66,https://xe.chotot.com//[object Object]-quan-binh-tan-tp-ho-chi-minh/87839032.htm
67,https://xe.chotot.com//[object Object]-thi-xa-kinh-mon-hai-duong/87959690.htm
68,https://xe.chotot.com//[object Object]-thanh-pho-hue-thua-thien-hue/87959683.htm
69,https://xe.chotot.com//[object Object]-thi-xa-kinh-mon-hai-duong/87959650.htm
70,https://xe.chotot.com//[object Object]-thanh-pho-hai-duong-hai-duong/87959644.htm
71,https://xe.chotot.com//[object Object]-quan-long-bien-ha-noi/85759812.htm
72,https://xe.chotot.com//[object Object]-quan-nam-tu-liem-ha-noi/87953443.htm
73,https://xe.chotot.com//[object Object]-quan-7-tp-ho-chi-minh/86212194.htm
74,https://xe.chotot.com//[object Object]-quan-thanh-xuan-ha-noi/85649236.htm
75,https://xe.chotot.com//[object Object]-huyen-hoc-mon-tp-ho-chi-minh/87959591.htm
76,https://xe.chotot.com//[object Object]-quan-2-tp-ho-chi-minh/87192718.htm
77,https://xe.chotot.com//[object Object]-quan-2-tp-ho-chi-minh/87931233.htm
78,https://xe.chotot.com//[object Object]-quan-cau-giay-ha-noi/87608156.htm
79,https://xe.chotot.com//[object Object]-thanh-pho-bao-loc-lam-dong/87959519.htm
80,https://xe.chotot.com//[object Object]-quan-cau-giay-ha-noi/86874481.htm
81,https://xe.chotot.com//[object Object]-quan-thanh-xuan-ha-noi/87563742.htm
82,https://xe.chotot.com//[object Object]-quan-long-bien-ha-noi/87483078.htm
83,https://xe.chotot.com//[object Object]-quan-cau-giay-ha-noi/87957723.htm
84,https://xe.chotot.com//[object Object]-quan-nam-tu-liem-ha-noi/87787414.htm
85,https://xe.chotot.com//[object Object]-quan-hoang-mai-ha-noi/87908971.htm
86,https://xe.chotot.com//[object Object]-quan-2-tp-ho-chi-minh/87767751.htm
87,https://xe.chotot.com//[object Object]-quan-2-tp-ho-chi-minh/87337830.htm
88,https://xe.chotot.com//[object Object]-quan-nam-tu-liem-ha-noi/86206967.htm
89,https://xe.chotot.com//[object Object]-quan-thot-not-can-tho/87959471.htm
90,https://xe.chotot.com//[object Object]-quan-ngo-quyen-hai-phong/87959469.htm
91,https://xe.chotot.com//[object Object]-huyen-vinh-cuu-dong-nai/87959459.htm
92,https://xe.chotot.com//[object Object]-quan-8-tp-ho-chi-minh/70843820.htm
93,https://xe.chotot.com//[object Object]-quan-cau-giay-ha-noi/86874720.htm
94,https://xe.chotot.com//[object Object]-quan-thanh-xuan-ha-noi/85152797.htm
95,https://xe.chotot.com//[object Object]-quan-nam-tu-liem-ha-noi/87823831.htm
96,https://xe.chotot.com//[object Object]-quan-hoang-mai-ha-noi/87696874.htm
97,https://xe.chotot.com//[object Object]-quan-2-tp-ho-chi-minh/87706761.htm
98,https://xe.chotot.com//[object Object]-quan-2-tp-ho-chi-minh/87706301.htm
99,https://xe.chotot.com//[object Object]-huyen-ninh-giang-hai-duong/87959380.htm
100,https://xe.chotot.com//[object Object]-huyen-yen-phong-bac-ninh/87959366.htm
101,https://xe.chotot.com//[object Object]-thi-xa-dien-ban-quang-nam/87959347.htm
102,https://xe.chotot.com//[object Object]-quan-7-tp-ho-chi-minh/72616079.htm
103,https://xe.chotot.com//[object Object]-quan-cau-giay-ha-noi/86874887.htm
104,https://xe.chotot.com//[object Object]-quan-nam-tu-liem-ha-noi/87831622.htm
105,https://xe.chotot.com//[object Object]-quan-thanh-xuan-ha-noi/86568706.htm
106,https://xe.chotot.com//[object Object]-quan-cau-giay-ha-noi/87953035.htm
107,https://xe.chotot.com//[object Object]-quan-hoang-mai-ha-noi/87161754.htm
108,https://xe.chotot.com//[object Object]-quan-2-tp-ho-chi-minh/87487429.htm
109,https://xe.chotot.com//[object Object]-quan-hoang-mai-ha-noi/87959303.htm
110,https://xe.chotot.com//[object Object]-quan-2-tp-ho-chi-minh/87000963.htm
111,https://xe.chotot.com//[object Object]-thanh-pho-thai-binh-thai-binh/87952397.htm
112,https://xe.chotot.com//[object Object]-thi-xa-dien-ban-quang-nam/87959268.htm
113,https://xe.chotot.com//[object Object]-quan-10-tp-ho-chi-minh/73560808.htm
114,https://xe.chotot.com//[object Object]-quan-cau-giay-ha-noi/86875458.htm
115,https://xe.chotot.com//[object Object]-quan-cai-rang-can-tho/87959237.htm
116,https://xe.chotot.com//[object Object]-quan-nam-tu-liem-ha-noi/87770730.htm
117,https://xe.chotot.com//[object Object]-quan-ha-dong-ha-noi/87959235.htm
118,https://xe.chotot.com//[object Object]-thanh-pho-bien-hoa-dong-nai/87959229.htm
119,https://xe.chotot.com//[object Object]-quan-cau-giay-ha-noi/87406041.htm
120,https://xe.chotot.com//[object Object]-quan-2-tp-ho-chi-minh/87959215.htm
121,https://xe.chotot.com//[object Object]-thanh-pho-thai-binh-thai-binh/87951489.htm
122,https://xe.chotot.com//[object Object]-thanh-pho-pleiku-gia-lai/87798312.htm
123,https://xe.chotot.com//[object Object]-quan-1-tp-ho-chi-minh/71681016.htm
124,https://xe.chotot.com//[object Object]-quan-thu-duc-tp-ho-chi-minh/87869567.htm
125,https://xe.chotot.com//[object Object]-quan-cau-giay-ha-noi/86875987.htm
126,https://xe.chotot.com//[object Object]-quan-12-tp-ho-chi-minh/86104903.htm
127,https://xe.chotot.com//[object Object]-quan-nam-tu-liem-ha-noi/87760452.htm
128,https://xe.chotot.com//[object Object]-quan-long-bien-ha-noi/87480520.htm
129,https://xe.chotot.com//[object Object]-quan-thanh-xuan-ha-noi/87363908.htm
130,https://xe.chotot.com//[object Object]-thi-xa-go-cong-tien-giang/87959068.htm
131,https://xe.chotot.com//[object Object]-thanh-pho-da-lat-lam-dong/87959069.htm
132,https://xe.chotot.com//[object Object]-thanh-pho-thu-dau-mot-binh-duong/87959066.htm
133,https://xe.chotot.com//[object Object]-thanh-pho-hai-duong-hai-duong/87959061.htm
134,https://xe.chotot.com//[object Object]-quan-4-tp-ho-chi-minh/83742826.htm
135,https://xe.chotot.com//[object Object]-quan-thu-duc-tp-ho-chi-minh/87834761.htm
136,https://xe.chotot.com//[object Object]-quan-cau-giay-ha-noi/87399590.htm
137,https://xe.chotot.com//[object Object]-quan-thanh-xuan-ha-noi/87952790.htm
138,https://xe.chotot.com//[object Object]-quan-thanh-xuan-ha-noi/87529379.htm
139,https://xe.chotot.com//[object Object]-thanh-pho-pleiku-gia-lai/87959005.htm
140,https://xe.chotot.com//[object Object]-quan-cau-giay-ha-noi/85344863.htm
141,https://xe.chotot.com//[object Object]-quan-thu-duc-tp-ho-chi-minh/86339173.htm
142,https://xe.chotot.com//[object Object]-quan-ha-dong-ha-noi/87958965.htm
143,https://xe.chotot.com//[object Object]-quan-thanh-xuan-ha-noi/87755231.htm
144,https://xe.chotot.com//[object Object]-quan-nam-tu-liem-ha-noi/87795712.htm
145,https://xe.chotot.com//[object Object]-quan-thu-duc-tp-ho-chi-minh/87958953.htm
146,https://xe.chotot.com//[object Object]-thanh-pho-bien-hoa-dong-nai/87958942.htm
147,https://xe.chotot.com//[object Object]-quan-thanh-xuan-ha-noi/87669035.htm
148,https://xe.chotot.com//[object Object]-quan-cau-giay-ha-noi/86985810.htm
149,https://xe.chotot.com//[object Object]-huyen-binh-chanh-tp-ho-chi-minh/87345215.htm
150,https://xe.chotot.com//[object Object]-quan-thu-duc-tp-ho-chi-minh/87918703.htm
151,https://xe.chotot.com//[object Object]-quan-11-tp-ho-chi-minh/87679525.htm
152,https://xe.chotot.com//[object Object]-quan-11-tp-ho-chi-minh/87680145.htm
153,https://xe.chotot.com//[object Object]-quan-thu-duc-tp-ho-chi-minh/86297955.htm
154,https://xe.chotot.com//[object Object]-quan-nam-tu-liem-ha-noi/87796764.htm
155,https://xe.chotot.com//[object Object]-huyen-thanh-tri-ha-noi/87527401.htm
156,https://xe.chotot.com//[object Object]-quan-cau-giay-ha-noi/86891329.htm
157,https://xe.chotot.com//[object Object]-quan-dong-da-ha-noi/87127837.htm
158,https://xe.chotot.com//[object Object]-quan-bac-tu-liem-ha-noi/84646311.htm
159,https://xe.chotot.com//[object Object]-thanh-pho-ha-tinh-ha-tinh/87958789.htm
160,https://xe.chotot.com//[object Object]-quan-hoang-mai-ha-noi/84982206.htm
161,https://xe.chotot.com//[object Object]-thanh-pho-thai-nguyen-thai-nguyen/87958773.htm
162,https://xe.chotot.com//[object Object]-quan-thu-duc-tp-ho-chi-minh/87336270.htm
163,https://xe.chotot.com//[object Object]-huyen-thanh-tri-ha-noi/87610182.htm
164,https://xe.chotot.com//[object Object]-huyen-trang-bom-dong-nai/87958693.htm
165,https://xe.chotot.com//[object Object]-quan-long-bien-ha-noi/87483002.htm
166,https://xe.chotot.com//[object Object]-huyen-soc-son-ha-noi/87944819.htm
167,https://xe.chotot.com//[object Object]-quan-dong-da-ha-noi/87952115.htm
168,https://xe.chotot.com//[object Object]-quan-thanh-xuan-ha-noi/86338161.htm
169,https://xe.chotot.com//[object Object]-quan-nam-tu-liem-ha-noi/85788057.htm
170,https://xe.chotot.com//[object Object]-thi-xa-kinh-mon-hai-duong/87958611.htm
171,https://xe.chotot.com//[object Object]-huyen-thanh-tri-ha-noi/87587908.htm
172,https://xe.chotot.com//[object Object]-quan-thu-duc-tp-ho-chi-minh/85967486.htm
173,https://xe.chotot.com//[object Object]-huyen-duc-trong-lam-dong/83825063.htm
174,https://xe.chotot.com//[object Object]-quan-thanh-xuan-ha-noi/87452237.htm
175,https://xe.chotot.com//[object Object]-huyen-nam-truc-nam-dinh/87958516.htm
176,https://xe.chotot.com//[object Object]-quan-thanh-xuan-ha-noi/87420999.htm
177,https://xe.chotot.com//[object Object]-quan-hai-ba-trung-ha-noi/85245639.htm
178,https://xe.chotot.com//[object Object]-quan-cau-giay-ha-noi/87940891.htm
179,https://xe.chotot.com//[object Object]-quan-hai-ba-trung-ha-noi/87958456.htm
180,https://xe.chotot.com//[object Object]-quan-hai-ba-trung-ha-noi/87953214.htm
181,https://xe.chotot.com//[object Object]-huyen-thanh-tri-ha-noi/87702259.htm
182,https://xe.chotot.com//[object Object]-thi-xa-kinh-mon-hai-duong/87958418.htm
183,https://xe.chotot.com//[object Object]-quan-tay-ho-ha-noi/87805847.htm
184,https://xe.chotot.com//[object Object]-huyen-duc-trong-lam-dong/87272246.htm
185,https://xe.chotot.com//[object Object]-thanh-pho-soc-trang-soc-trang/87958377.htm
186,https://xe.chotot.com//[object Object]-quan-nam-tu-liem-ha-noi/86904607.htm
187,https://xe.chotot.com//[object Object]-quan-9-tp-ho-chi-minh/87836697.htm
188,https://xe.chotot.com//[object Object]-quan-nam-tu-liem-ha-noi/86763429.htm
189,https://xe.chotot.com//[object Object]-quan-binh-tan-tp-ho-chi-minh/85725410.htm
190,https://xe.chotot.com//[object Object]-huyen-yen-thuy-hoa-binh/87952182.htm
191,https://xe.chotot.com//[object Object]-quan-ninh-kieu-can-tho/87333083.htm
192,https://xe.chotot.com//[object Object]-thanh-pho-long-khanh-dong-nai/86606847.htm
193,https://xe.chotot.com//[object Object]-huyen-thanh-tri-ha-noi/87526399.htm
194,https://xe.chotot.com//[object Object]-huyen-cu-chi-tp-ho-chi-minh/87862646.htm
195,https://xe.chotot.com//[object Object]-huyen-duc-hoa-long-an/87958313.htm
196,https://xe.chotot.com//[object Object]-quan-nam-tu-liem-ha-noi/87262067.htm
197,https://xe.chotot.com//[object Object]-huyen-duc-trong-lam-dong/86989855.htm
198,https://xe.chotot.com//[object Object]-quan-ha-dong-ha-noi/87858154.htm
199,https://xe.chotot.com//[object Object]-quan-bac-tu-liem-ha-noi/86964964.htm
200,https://xe.chotot.com//[object Object]-quan-bac-tu-liem-ha-noi/85658888.htm
201,https://xe.chotot.com//[object Object]-quan-tan-phu-tp-ho-chi-minh/86904197.htm
202,https://xe.chotot.com//[object Object]-huyen-tien-hai-thai-binh/87958247.htm
203,https://xe.chotot.com//[object Object]-thanh-pho-vung-tau-ba-ria-vung-tau/87954912.htm
204,https://xe.chotot.com//[object Object]-thanh-pho-ninh-binh-ninh-binh/86002727.htm
205,https://xe.chotot.com//[object Object]-quan-thanh-xuan-ha-noi/87614957.htm
206,https://xe.chotot.com//[object Object]-thanh-pho-tan-an-long-an/87941158.htm
207,https://xe.chotot.com//[object Object]-thanh-pho-hai-duong-hai-duong/87936206.htm
208,https://xe.chotot.com//[object Object]-quan-long-bien-ha-noi/87482744.htm
209,https://xe.chotot.com//[object Object]-quan-10-tp-ho-chi-minh/86162003.htm
210,https://xe.chotot.com//[object Object]-quan-9-tp-ho-chi-minh/87958201.htm
211,https://xe.chotot.com//[object Object]-quan-nam-tu-liem-ha-noi/87594135.htm
212,https://xe.chotot.com//[object Object]-huyen-duc-trong-lam-dong/87076975.htm
213,https://xe.chotot.com//[object Object]-huyen-nhon-trach-dong-nai/87958199.htm
214,https://xe.chotot.com//[object Object]-quan-cau-giay-ha-noi/87936916.htm
215,https://xe.chotot.com//[object Object]-quan-cau-giay-ha-noi/85939309.htm
216,https://xe.chotot.com//[object Object]-quan-bac-tu-liem-ha-noi/86829351.htm
217,https://xe.chotot.com//[object Object]-huyen-me-linh-ha-noi/87958138.htm
218,https://xe.chotot.com//[object Object]-quan-thanh-xuan-ha-noi/87601807.htm
219,https://xe.chotot.com//[object Object]-huyen-duc-trong-lam-dong/85481389.htm
220,https://xe.chotot.com//[object Object]-huyen-gia-lam-ha-noi/87958108.htm
221,https://xe.chotot.com//[object Object]-quan-ha-dong-ha-noi/87539562.htm
222,https://xe.chotot.com//[object Object]-huyen-viet-yen-bac-giang/85407765.htm
223,https://xe.chotot.com//[object Object]-thanh-pho-bien-hoa-dong-nai/86203574.htm
224,https://xe.chotot.com//[object Object]-quan-7-tp-ho-chi-minh/87861071.htm
225,https://xe.chotot.com//[object Object]-quan-long-bien-ha-noi/87332074.htm
226,https://xe.chotot.com//[object Object]-huyen-dong-hung-thai-binh/87478351.htm
227,https://xe.chotot.com//[object Object]-huyen-lac-duong-lam-dong/87958031.htm
228,https://xe.chotot.com//[object Object]-quan-thanh-xuan-ha-noi/87615257.htm
229,https://xe.chotot.com//[object Object]-thi-xa-di-an-binh-duong/87818313.htm
230,https://xe.chotot.com//[object Object]-thanh-pho-bac-giang-bac-giang/87958008.htm
231,https://xe.chotot.com//[object Object]-thanh-pho-thanh-hoa-thanh-hoa/87957989.htm
232,https://xe.chotot.com//[object Object]-quan-nam-tu-liem-ha-noi/87957984.htm
233,https://xe.chotot.com//[object Object]-quan-cau-giay-ha-noi/87147070.htm
234,https://xe.chotot.com//[object Object]-quan-long-bien-ha-noi/85403561.htm
235,https://xe.chotot.com//[object Object]-huyen-trang-bom-dong-nai/87457787.htm
236,https://xe.chotot.com//[object Object]-quan-thanh-xuan-ha-noi/87601662.htm
237,https://xe.chotot.com//[object Object]-quan-7-tp-ho-chi-minh/86959497.htm
238,https://xe.chotot.com//[object Object]-quan-tan-phu-tp-ho-chi-minh/87957899.htm
239,https://xe.chotot.com//[object Object]-huyen-nghi-loc-nghe-an/85101042.htm
240,https://xe.chotot.com//[object Object]-quan-cau-giay-ha-noi/87545428.htm
241,https://xe.chotot.com//[object Object]-quan-long-bien-ha-noi/87957834.htm
242,https://xe.chotot.com//[object Object]-quan-7-tp-ho-chi-minh/87196710.htm
243,https://xe.chotot.com//[object Object]-quan-long-bien-ha-noi/86324649.htm
244,https://xe.chotot.com//[object Object]-quan-thanh-xuan-ha-noi/87836301.htm
245,https://xe.chotot.com//[object Object]-quan-long-bien-ha-noi/87506918.htm
246,https://xe.chotot.com//[object Object]-quan-7-tp-ho-chi-minh/86857571.htm
247,https://xe.chotot.com//[object Object]-quan-7-tp-ho-chi-minh/86994142.htm
248,https://xe.chotot.com//[object Object]-quan-long-bien-ha-noi/86200496.htm
249,https://xe.chotot.com//[object Object]-quan-hai-ba-trung-ha-noi/86065797.htm
250,https://xe.chotot.com//[object Object]-quan-thanh-xuan-ha-noi/87836370.htm
251,https://xe.chotot.com//[object Object]-thanh-pho-tan-an-long-an/87957687.htm
252,https://xe.chotot.com//[object Object]-huyen-viet-yen-bac-giang/84698071.htm
253,https://xe.chotot.com//[object Object]-huyen-viet-yen-bac-giang/84907806.htm
254,https://xe.chotot.com//[object Object]-huyen-viet-yen-bac-giang/84183941.htm
255,https://xe.chotot.com//[object Object]-quan-hai-ba-trung-ha-noi/83968576.htm
256,https://xe.chotot.com//[object Object]-huyen-duc-trong-lam-dong/86918067.htm
257,https://xe.chotot.com//[object Object]-thanh-pho-my-tho-tien-giang/83755688.htm
258,https://xe.chotot.com//[object Object]-quan-long-bien-ha-noi/84682580.htm
259,https://xe.chotot.com//[object Object]-quan-thanh-xuan-ha-noi/87836347.htm
260,https://xe.chotot.com//[object Object]-thanh-pho-da-lat-lam-dong/87957613.htm
261,https://xe.chotot.com//[object Object]-quan-cau-giay-ha-noi/87957554.htm
262,https://xe.chotot.com//[object Object]-huyen-cu-chi-tp-ho-chi-minh/87957552.htm
263,https://xe.chotot.com//[object Object]-quan-cau-giay-ha-noi/87922650.htm
264,https://xe.chotot.com//[object Object]-quan-2-tp-ho-chi-minh/87888153.htm
265,https://xe.chotot.com//[object Object]-huyen-cu-chi-tp-ho-chi-minh/87957539.htm
266,https://xe.chotot.com//[object Object]-quan-long-bien-ha-noi/86811944.htm
267,https://xe.chotot.com//[object Object]-quan-thanh-xuan-ha-noi/87602582.htm
268,https://xe.chotot.com//[object Object]-huyen-soc-son-ha-noi/87957509.htm
269,https://xe.chotot.com//[object Object]-thanh-pho-da-lat-lam-dong/86880379.htm
270,https://xe.chotot.com//[object Object]-quan-9-tp-ho-chi-minh/86850883.htm
271,https://xe.chotot.com//[object Object]-thi-xa-huong-thuy-thua-thien-hue/86825026.htm
272,https://xe.chotot.com//[object Object]-quan-long-bien-ha-noi/83826319.htm
273,https://xe.chotot.com//[object Object]-quan-long-bien-ha-noi/87482677.htm
274,https://xe.chotot.com//[object Object]-thanh-pho-buon-ma-thuot-dak-lak/87957400.htm
275,https://xe.chotot.com//[object Object]-huyen-hoa-thanh-tay-ninh/86527454.htm
276,https://xe.chotot.com//[object Object]-quan-9-tp-ho-chi-minh/86793703.htm
277,https://xe.chotot.com//[object Object]-quan-cau-giay-ha-noi/85540929.htm
278,https://xe.chotot.com//[object Object]-thi-xa-huong-thuy-thua-thien-hue/86825358.htm
279,https://xe.chotot.com//[object Object]-quan-long-bien-ha-noi/86093089.htm
280,https://xe.chotot.com//[object Object]-quan-11-tp-ho-chi-minh/87957297.htm
281,https://xe.chotot.com//[object Object]-quan-thu-duc-tp-ho-chi-minh/87098341.htm
282,https://xe.chotot.com//[object Object]-huyen-nam-dong-thua-thien-hue/86019709.htm
283,https://xe.chotot.com//[object Object]-quan-long-bien-ha-noi/84645727.htm
284,https://xe.chotot.com//[object Object]-quan-7-tp-ho-chi-minh/87957218.htm
285,https://xe.chotot.com//[object Object]-quan-thu-duc-tp-ho-chi-minh/87098376.htm
286,https://xe.chotot.com//[object Object]-huyen-soc-son-ha-noi/87761893.htm
287,https://xe.chotot.com//[object Object]-quan-long-bien-ha-noi/87530554.htm
288,https://xe.chotot.com//[object Object]-huyen-dong-anh-ha-noi/86806932.htm
289,https://xe.chotot.com//[object Object]-quan-cau-giay-ha-noi/87576017.htm
290,https://xe.chotot.com//[object Object]-quan-thu-duc-tp-ho-chi-minh/87007120.htm
291,https://xe.chotot.com//[object Object]-huyen-chau-thanh-a-hau-giang/86817405.htm
292,https://xe.chotot.com//[object Object]-quan-12-tp-ho-chi-minh/84348349.htm
293,https://xe.chotot.com//[object Object]-quan-long-bien-ha-noi/84765705.htm
294,https://xe.chotot.com//[object Object]-quan-12-tp-ho-chi-minh/86112414.htm
295,https://xe.chotot.com//[object Object]-quan-long-bien-ha-noi/87525650.htm
296,https://xe.chotot.com//[object Object]-huyen-dong-anh-ha-noi/87589420.htm
297,https://xe.chotot.com//[object Object]-quan-7-tp-ho-chi-minh/87956968.htm
298,https://xe.chotot.com//[object Object]-quan-long-bien-ha-noi/85760180.htm
299,https://xe.chotot.com//[object Object]-huyen-dong-anh-ha-noi/87956945.htm
300,https://xe.chotot.com//[object Object]-huyen-dong-anh-ha-noi/87542108.htm
301,https://xe.chotot.com//[object Object]-huyen-tien-hai-thai-binh/87005145.htm
302,https://xe.chotot.com//[object Object]-quan-thanh-xuan-ha-noi/87632326.htm
303,https://xe.chotot.com//[object Object]-thanh-pho-long-xuyen-an-giang/87956920.htm
304,https://xe.chotot.com//[object Object]-quan-cau-giay-ha-noi/87956919.htm
305,https://xe.chotot.com//[object Object]-quan-bac-tu-liem-ha-noi/85152073.htm
306,https://xe.chotot.com//[object Object]-quan-ngu-hanh-son-da-nang/87956777.htm
307,https://xe.chotot.com//[object Object]-thanh-pho-phan-thiet-binh-thuan/85793696.htm
308,https://xe.chotot.com//[object Object]-quan-thanh-xuan-ha-noi/87303383.htm
309,https://xe.chotot.com//[object Object]-huyen-thuan-thanh-bac-ninh/85425252.htm
310,https://xe.chotot.com//[object Object]-thanh-pho-hai-duong-hai-duong/87948641.htm
311,https://xe.chotot.com//[object Object]-quan-bac-tu-liem-ha-noi/85120278.htm
312,https://xe.chotot.com//[object Object]-quan-phu-nhuan-tp-ho-chi-minh/86781967.htm
313,https://xe.chotot.com//[object Object]-quan-7-tp-ho-chi-minh/87579990.htm
314,https://xe.chotot.com//[object Object]-quan-7-tp-ho-chi-minh/86677374.htm
315,https://xe.chotot.com//[object Object]-thanh-pho-vinh-nghe-an/87729329.htm
316,https://xe.chotot.com//[object Object]-thanh-pho-hoi-an-quang-nam/87956701.htm
317,https://xe.chotot.com//[object Object]-quan-hoang-mai-ha-noi/87209377.htm
318,https://xe.chotot.com//[object Object]-quan-tan-binh-tp-ho-chi-minh/87956693.htm
319,https://xe.chotot.com//[object Object]-quan-thu-duc-tp-ho-chi-minh/87269886.htm
320,https://xe.chotot.com//[object Object]-thanh-pho-vinh-nghe-an/87729333.htm
321,https://xe.chotot.com//[object Object]-quan-thanh-xuan-ha-noi/87233470.htm
322,https://xe.chotot.com//[object Object]-quan-hai-ba-trung-ha-noi/87925761.htm
323,https://xe.chotot.com//[object Object]-thanh-pho-bac-ninh-bac-ninh/85370193.htm
324,https://xe.chotot.com//[object Object]-quan-tan-binh-tp-ho-chi-minh/87956615.htm
325,https://xe.chotot.com//[object Object]-thanh-pho-tay-ninh-tay-ninh/84056235.htm
326,https://xe.chotot.com//[object Object]-quan-bac-tu-liem-ha-noi/85413347.htm
327,https://xe.chotot.com//[object Object]-huyen-hoa-vang-da-nang/87956593.htm
328,https://xe.chotot.com//[object Object]-quan-7-tp-ho-chi-minh/87761425.htm
329,https://xe.chotot.com//[object Object]-quan-7-tp-ho-chi-minh/87841826.htm
330,https://xe.chotot.com//[object Object]-quan-7-tp-ho-chi-minh/86623264.htm
331,https://xe.chotot.com//[object Object]-huyen-bao-lam-lam-dong/86990708.htm
332,https://xe.chotot.com//[object Object]-quan-cau-giay-ha-noi/87948022.htm
333,https://xe.chotot.com//[object Object]-huyen-cu-chi-tp-ho-chi-minh/87831691.htm
334,https://xe.chotot.com//[object Object]-quan-nam-tu-liem-ha-noi/87247174.htm
335,https://xe.chotot.com//[object Object]-quan-thu-duc-tp-ho-chi-minh/86326148.htm
336,https://xe.chotot.com//[object Object]-quan-hoang-mai-ha-noi/87956512.htm
337,https://xe.chotot.com//[object Object]-thanh-pho-bao-loc-lam-dong/87939470.htm
338,https://xe.chotot.com//[object Object]-quan-long-bien-ha-noi/87483143.htm
339,https://xe.chotot.com//[object Object]-quan-cau-giay-ha-noi/87753811.htm
340,https://xe.chotot.com//[object Object]-thi-xa-tu-son-bac-ninh/85558620.htm
341,https://xe.chotot.com//[object Object]-quan-nam-tu-liem-ha-noi/87058431.htm
342,https://xe.chotot.com//[object Object]-quan-hong-bang-hai-phong/87956473.htm
343,https://xe.chotot.com//[object Object]-quan-nam-tu-liem-ha-noi/87529621.htm
344,https://xe.chotot.com//[object Object]-quan-nam-tu-liem-ha-noi/87923642.htm
345,https://xe.chotot.com//[object Object]-quan-bac-tu-liem-ha-noi/86364862.htm
346,https://xe.chotot.com//[object Object]-quan-thanh-xuan-ha-noi/85682535.htm
347,https://xe.chotot.com//[object Object]-quan-binh-thanh-tp-ho-chi-minh/85659108.htm
348,https://xe.chotot.com//[object Object]-huyen-tuyen-hoa-quang-binh/87956405.htm
349,https://xe.chotot.com//[object Object]-huyen-ha-hoa-phu-tho/87956395.htm
350,https://xe.chotot.com//[object Object]-quan-cau-giay-ha-noi/87952168.htm
351,https://xe.chotot.com//[object Object]-quan-thu-duc-tp-ho-chi-minh/86069111.htm
352,https://xe.chotot.com//[object Object]-quan-12-tp-ho-chi-minh/87946955.htm
353,https://xe.chotot.com//[object Object]-thanh-pho-bao-loc-lam-dong/87878376.htm
354,https://xe.chotot.com//[object Object]-quan-long-bien-ha-noi/86284510.htm
355,https://xe.chotot.com//[object Object]-quan-long-bien-ha-noi/87295380.htm
356,https://xe.chotot.com//[object Object]-quan-cau-giay-ha-noi/87257716.htm
357,https://xe.chotot.com//[object Object]-quan-cau-giay-ha-noi/87956346.htm
358,https://xe.chotot.com//[object Object]-quan-thanh-xuan-ha-noi/80140419.htm
359,https://xe.chotot.com//[object Object]-huyen-thanh-ba-phu-tho/87950810.htm
360,https://xe.chotot.com//[object Object]-quan-bac-tu-liem-ha-noi/83989617.htm
361,https://xe.chotot.com//[object Object]-quan-thanh-xuan-ha-noi/87497290.htm
362,https://xe.chotot.com//[object Object]-huyen-chau-thanh-tien-giang/86964324.htm
363,https://xe.chotot.com//[object Object]-huyen-trieu-son-thanh-hoa/87956320.htm
364,https://xe.chotot.com//[object Object]-huyen-dien-chau-nghe-an/87888530.htm
365,https://xe.chotot.com//[object Object]-huyen-dak-r-lap-dak-nong/87956305.htm
366,https://xe.chotot.com//[object Object]-quan-thu-duc-tp-ho-chi-minh/87787721.htm
367,https://xe.chotot.com//[object Object]-quan-long-bien-ha-noi/86715362.htm
368,https://xe.chotot.com//[object Object]-huyen-truc-ninh-nam-dinh/87956266.htm
369,https://xe.chotot.com//[object Object]-quan-hoang-mai-ha-noi/87680520.htm
370,https://xe.chotot.com//[object Object]-quan-bac-tu-liem-ha-noi/86426062.htm
371,https://xe.chotot.com//[object Object]-quan-cau-giay-ha-noi/87954484.htm
372,https://xe.chotot.com//[object Object]-quan-thanh-xuan-ha-noi/87094850.htm
373,https://xe.chotot.com//[object Object]-quan-cau-giay-ha-noi/87956196.htm
374,https://xe.chotot.com//[object Object]-huyen-cu-chi-tp-ho-chi-minh/83911642.htm
375,https://xe.chotot.com//[object Object]-quan-binh-thanh-tp-ho-chi-minh/87956191.htm
376,https://xe.chotot.com//[object Object]-quan-nam-tu-liem-ha-noi/87747736.htm
377,https://xe.chotot.com//[object Object]-quan-thanh-xuan-ha-noi/86704999.htm
378,https://xe.chotot.com//[object Object]-quan-bac-tu-liem-ha-noi/87949395.htm
379,https://xe.chotot.com//[object Object]-quan-4-tp-ho-chi-minh/87956166.htm
380,https://xe.chotot.com//[object Object]-huyen-ninh-giang-hai-duong/87956162.htm
381,https://xe.chotot.com//[object Object]-quan-long-bien-ha-noi/85886119.htm
382,https://xe.chotot.com//[object Object]-quan-cau-giay-ha-noi/86685110.htm
383,https://xe.chotot.com//[object Object]-huyen-dong-hung-thai-binh/87944382.htm
384,https://xe.chotot.com//[object Object]-quan-bac-tu-liem-ha-noi/85924267.htm
385,https://xe.chotot.com//[object Object]-quan-cau-giay-ha-noi/87949922.htm
386,https://xe.chotot.com//[object Object]-quan-thanh-xuan-ha-noi/83961272.htm
387,https://xe.chotot.com//[object Object]-quan-long-bien-ha-noi/87689566.htm
388,https://xe.chotot.com//[object Object]-thanh-pho-bao-loc-lam-dong/87956033.htm
389,https://xe.chotot.com//[object Object]-quan-thanh-xuan-ha-noi/87427010.htm
390,https://xe.chotot.com//[object Object]-quan-bac-tu-liem-ha-noi/87956031.htm
391,https://xe.chotot.com//[object Object]-quan-long-bien-ha-noi/87479963.htm
392,https://xe.chotot.com//[object Object]-quan-dong-da-ha-noi/87567028.htm
393,https://xe.chotot.com//[object Object]-quan-cau-giay-ha-noi/87900614.htm
394,https://xe.chotot.com//[object Object]-quan-long-bien-ha-noi/87345095.htm
395,https://xe.chotot.com//[object Object]-quan-bac-tu-liem-ha-noi/87011985.htm
396,https://xe.chotot.com//[object Object]-huyen-hoc-mon-tp-ho-chi-minh/87955954.htm
397,https://xe.chotot.com//[object Object]-quan-thanh-xuan-ha-noi/86962336.htm
398,https://xe.chotot.com//[object Object]-quan-hai-ba-trung-ha-noi/87549768.htm
399,https://xe.chotot.com//[object Object]-quan-hoang-mai-ha-noi/86212972.htm
400,https://xe.chotot.com//[object Object]-quan-long-bien-ha-noi/87955933.htm
401,https://xe.chotot.com//[object Object]-quan-long-bien-ha-noi/86713440.htm
402,https://xe.chotot.com//[object Object]-thanh-pho-thai-binh-thai-binh/87707759.htm
403,https://xe.chotot.com//[object Object]-quan-thanh-xuan-ha-noi/87562141.htm
404,https://xe.chotot.com//[object Object]-thanh-pho-bien-hoa-dong-nai/87851293.htm
405,https://xe.chotot.com//[object Object]-huyen-an-duong-hai-phong/87857552.htm
406,https://xe.chotot.com//[object Object]-quan-long-bien-ha-noi/78840926.htm
407,https://xe.chotot.com//[object Object]-huyen-thuy-nguyen-hai-phong/87955843.htm
408,https://xe.chotot.com//[object Object]-quan-7-tp-ho-chi-minh/87955840.htm
409,https://xe.chotot.com//[object Object]-quan-bac-tu-liem-ha-noi/86392781.htm
410,https://xe.chotot.com//[object Object]-quan-cau-giay-ha-noi/85337200.htm
411,https://xe.chotot.com//[object Object]-quan-thanh-xuan-ha-noi/86403647.htm
412,https://xe.chotot.com//[object Object]-quan-hoang-mai-ha-noi/87422240.htm
413,https://xe.chotot.com//[object Object]-thanh-pho-thai-binh-thai-binh/87786122.htm
414,https://xe.chotot.com//[object Object]-quan-long-bien-ha-noi/83159604.htm
415,https://xe.chotot.com//[object Object]-quan-cai-rang-can-tho/86502052.htm
416,https://xe.chotot.com//[object Object]-quan-hai-ba-trung-ha-noi/87533549.htm
417,https://xe.chotot.com//[object Object]-thanh-pho-bien-hoa-dong-nai/87929377.htm
418,https://xe.chotot.com//[object Object]-quan-bac-tu-liem-ha-noi/87622039.htm
419,https://xe.chotot.com//[object Object]-quan-bac-tu-liem-ha-noi/85932993.htm
420,https://xe.chotot.com//[object Object]-quan-thanh-xuan-ha-noi/86549247.htm
421,https://xe.chotot.com//[object Object]-quan-hoang-mai-ha-noi/87525196.htm
422,https://xe.chotot.com//[object Object]-quan-nam-tu-liem-ha-noi/87386231.htm
423,https://xe.chotot.com//[object Object]-quan-cau-giay-ha-noi/87829107.htm
424,https://xe.chotot.com//[object Object]-huyen-dong-anh-ha-noi/87921035.htm
425,https://xe.chotot.com//[object Object]-quan-long-bien-ha-noi/87373039.htm
426,https://xe.chotot.com//[object Object]-quan-nam-tu-liem-ha-noi/87184638.htm
427,https://xe.chotot.com//[object Object]-huyen-dong-anh-ha-noi/87450315.htm
428,https://xe.chotot.com//[object Object]-quan-hai-ba-trung-ha-noi/87449009.htm
429,https://xe.chotot.com//[object Object]-thanh-pho-thu-dau-mot-binh-duong/86524838.htm
430,https://xe.chotot.com//[object Object]-quan-cau-giay-ha-noi/87860794.htm
431,https://xe.chotot.com//[object Object]-thi-xa-bim-son-thanh-hoa/87853582.htm
432,https://xe.chotot.com//[object Object]-huyen-tinh-gia-thanh-hoa/87955569.htm
433,https://xe.chotot.com//[object Object]-quan-cau-giay-ha-noi/87764821.htm
434,https://xe.chotot.com//[object Object]-quan-cau-giay-ha-noi/85258834.htm
435,https://xe.chotot.com//[object Object]-quan-ha-dong-ha-noi/87892036.htm
436,https://xe.chotot.com//[object Object]-quan-thu-duc-tp-ho-chi-minh/87191855.htm
437,https://xe.chotot.com//[object Object]-thanh-pho-long-khanh-dong-nai/87955516.htm
438,https://xe.chotot.com//[object Object]-quan-ha-dong-ha-noi/87652216.htm
439,https://xe.chotot.com//[object Object]-quan-hoang-mai-ha-noi/87528032.htm
440,https://xe.chotot.com//[object Object]-huyen-quynh-phu-thai-binh/87955495.htm
441,https://xe.chotot.com//[object Object]-quan-nam-tu-liem-ha-noi/87537287.htm
442,https://xe.chotot.com//[object Object]-quan-hoang-mai-ha-noi/87955474.htm
443,https://xe.chotot.com//[object Object]-quan-ha-dong-ha-noi/82564665.htm
444,https://xe.chotot.com//[object Object]-quan-cau-giay-ha-noi/87733999.htm
445,https://xe.chotot.com//[object Object]-quan-dong-da-ha-noi/87955458.htm
446,https://xe.chotot.com//[object Object]-huyen-dam-rong-lam-dong/78211161.htm
447,https://xe.chotot.com//[object Object]-quan-cau-giay-ha-noi/82114710.htm
448,https://xe.chotot.com//[object Object]-quan-thanh-xuan-ha-noi/76151503.htm
449,https://xe.chotot.com//[object Object]-quan-bac-tu-liem-ha-noi/84642851.htm
450,https://xe.chotot.com//[object Object]-quan-ha-dong-ha-noi/87753934.htm
451,https://xe.chotot.com//[object Object]-thanh-pho-thu-dau-mot-binh-duong/85596033.htm
452,https://xe.chotot.com//[object Object]-quan-cau-giay-ha-noi/87590602.htm
453,https://xe.chotot.com//[object Object]-quan-go-vap-tp-ho-chi-minh/87955409.htm
454,https://xe.chotot.com//[object Object]-quan-ha-dong-ha-noi/87928241.htm
455,https://xe.chotot.com//[object Object]-quan-cau-giay-ha-noi/87732611.htm
456,https://xe.chotot.com//[object Object]-quan-tan-phu-tp-ho-chi-minh/85991524.htm
457,https://xe.chotot.com//[object Object]-quan-cau-giay-ha-noi/87605268.htm
458,https://xe.chotot.com//[object Object]-quan-thanh-xuan-ha-noi/82401508.htm
459,https://xe.chotot.com//[object Object]-thanh-pho-hai-duong-hai-duong/87414280.htm
460,https://xe.chotot.com//[object Object]-thanh-pho-thanh-hoa-thanh-hoa/87900280.htm
461,https://xe.chotot.com//[object Object]-thanh-pho-thu-dau-mot-binh-duong/87560630.htm
462,https://xe.chotot.com//[object Object]-quan-thu-duc-tp-ho-chi-minh/87912956.htm
463,https://xe.chotot.com//[object Object]-huyen-thuy-nguyen-hai-phong/87274994.htm
464,https://xe.chotot.com//[object Object]-huyen-thanh-mien-hai-duong/87741594.htm
465,https://xe.chotot.com//[object Object]-thi-xa-bim-son-thanh-hoa/87395001.htm
466,https://xe.chotot.com//[object Object]-quan-cau-giay-ha-noi/87897213.htm
467,https://xe.chotot.com//[object Object]-quan-tan-phu-tp-ho-chi-minh/86903683.htm
468,https://xe.chotot.com//[object Object]-quan-thanh-xuan-ha-noi/87922910.htm
469,https://xe.chotot.com//[object Object]-quan-binh-tan-tp-ho-chi-minh/86068636.htm
470,https://xe.chotot.com//[object Object]-huyen-gia-vien-ninh-binh/87703904.htm
471,https://xe.chotot.com//[object Object]-huyen-dong-anh-ha-noi/85087040.htm
472,https://xe.chotot.com//[object Object]-thanh-pho-ninh-binh-ninh-binh/87911245.htm
473,https://xe.chotot.com//[object Object]-quan-8-tp-ho-chi-minh/87837630.htm
474,https://xe.chotot.com//[object Object]-huyen-dong-anh-ha-noi/87835977.htm
475,https://xe.chotot.com//[object Object]-quan-8-tp-ho-chi-minh/85576995.htm
476,https://xe.chotot.com//[object Object]-thanh-pho-thu-dau-mot-binh-duong/86424949.htm
477,https://xe.chotot.com//[object Object]-quan-thu-duc-tp-ho-chi-minh/86460827.htm
478,https://xe.chotot.com//[object Object]-huyen-hoc-mon-tp-ho-chi-minh/86716625.htm
479,https://xe.chotot.com//[object Object]-quan-ba-dinh-ha-noi/87424075.htm
480,https://xe.chotot.com//[object Object]-quan-binh-thanh-tp-ho-chi-minh/87910663.htm
481,https://xe.chotot.com//[object Object]-quan-long-bien-ha-noi/87480085.htm
482,https://xe.chotot.com//[object Object]-quan-cau-giay-ha-noi/87258626.htm
483,https://xe.chotot.com//[object Object]-thi-xa-bim-son-thanh-hoa/87532852.htm
484,https://xe.chotot.com//[object Object]-quan-tan-phu-tp-ho-chi-minh/87946077.htm
485,https://xe.chotot.com//[object Object]-thanh-pho-thu-dau-mot-binh-duong/87560962.htm
486,https://xe.chotot.com//[object Object]-quan-cau-giay-ha-noi/87591154.htm
487,https://xe.chotot.com//[object Object]-quan-10-tp-ho-chi-minh/87883222.htm
488,https://xe.chotot.com//[object Object]-thi-xa-dien-ban-quang-nam/87955234.htm
489,https://xe.chotot.com//[object Object]-quan-ba-dinh-ha-noi/84949370.htm
490,https://xe.chotot.com//[object Object]-quan-ba-dinh-ha-noi/84949370.htm
491,https://xe.chotot.com//[object Object]-thanh-pho-phuc-yen-vinh-phuc/87886190.htm
492,https://xe.chotot.com//[object Object]-quan-tan-phu-tp-ho-chi-minh/87271332.htm
493,https://xe.chotot.com//[object Object]-huyen-bao-lam-lam-dong/87826434.htm
494,https://xe.chotot.com//[object Object]-quan-nam-tu-liem-ha-noi/87943199.htm
495,https://xe.chotot.com//[object Object]-quan-thu-duc-tp-ho-chi-minh/87117768.htm
496,https://xe.chotot.com//[object Object]-thanh-pho-thu-dau-mot-binh-duong/86501812.htm
497,https://xe.chotot.com//[object Object]-thanh-pho-vinh-yen-vinh-phuc/87938550.htm
498,https://xe.chotot.com//[object Object]-thanh-pho-nha-trang-khanh-hoa/87955125.htm
499,https://xe.chotot.com//[object Object]-quan-9-tp-ho-chi-minh/87859510.htm
500,https://xe.chotot.com//[object Object]-quan-tan-phu-tp-ho-chi-minh/86926526.htm
501,https://xe.chotot.com//[object Object]-thanh-pho-thu-dau-mot-binh-duong/87621233.htm
502,https://xe.chotot.com//[object Object]-thanh-pho-vinh-yen-vinh-phuc/87941274.htm
503,https://xe.chotot.com//[object Object]-thanh-pho-hai-duong-hai-duong/87910044.htm
504,https://xe.chotot.com//[object Object]-quan-tan-phu-tp-ho-chi-minh/87291198.htm
505,https://xe.chotot.com//[object Object]-huyen-thanh-chuong-nghe-an/87954939.htm
506,https://xe.chotot.com//[object Object]-huyen-nho-quan-ninh-binh/87954930.htm
507,https://xe.chotot.com//[object Object]-huyen-gia-binh-bac-ninh/87941771.htm
508,https://xe.chotot.com//[object Object]-thanh-pho-buon-ma-thuot-dak-lak/87621498.htm
509,https://xe.chotot.com//[object Object]-quan-ninh-kieu-can-tho/87572836.htm
510,https://xe.chotot.com//[object Object]-quan-tan-phu-tp-ho-chi-minh/87187946.htm
511,https://xe.chotot.com//[object Object]-thanh-pho-bac-giang-bac-giang/87954859.htm
512,https://xe.chotot.com//[object Object]-huyen-soc-son-ha-noi/87870992.htm
513,https://xe.chotot.com//[object Object]-quan-tan-phu-tp-ho-chi-minh/87313102.htm
514,https://xe.chotot.com//[object Object]-quan-tan-phu-tp-ho-chi-minh/87271313.htm
515,https://xe.chotot.com//[object Object]-thi-xa-di-an-binh-duong/87125400.htm
516,https://xe.chotot.com//[object Object]-quan-tan-phu-tp-ho-chi-minh/87152233.htm
517,https://xe.chotot.com//[object Object]-huyen-ea-h-leo-dak-lak/87860751.htm
518,https://xe.chotot.com//[object Object]-huyen-da-huoai-lam-dong/87954467.htm
519,https://xe.chotot.com//[object Object]-thanh-pho-hai-duong-hai-duong/87948241.htm
520,https://xe.chotot.com//[object Object]-quan-ha-dong-ha-noi/87954435.htm
521,https://xe.chotot.com//[object Object]-quan-thanh-xuan-ha-noi/86452959.htm
522,https://xe.chotot.com//[object Object]-quan-long-bien-ha-noi/87216043.htm
523,https://xe.chotot.com//[object Object]-quan-thanh-xuan-ha-noi/87205854.htm
524,https://xe.chotot.com//[object Object]-quan-long-bien-ha-noi/86995926.htm
525,https://xe.chotot.com//[object Object]-huyen-hoc-mon-tp-ho-chi-minh/87954398.htm
526,https://xe.chotot.com//[object Object]-quan-thanh-xuan-ha-noi/87205600.htm
527,https://xe.chotot.com//[object Object]-quan-bac-tu-liem-ha-noi/86881330.htm
528,https://xe.chotot.com//[object Object]-huyen-dai-tu-thai-nguyen/87954379.htm
529,https://xe.chotot.com//[object Object]-quan-thanh-xuan-ha-noi/85975465.htm
530,https://xe.chotot.com//[object Object]-quan-bac-tu-liem-ha-noi/87327340.htm
531,https://xe.chotot.com//[object Object]-quan-thanh-xuan-ha-noi/86840102.htm
532,https://xe.chotot.com//[object Object]-quan-kien-an-hai-phong/87954289.htm
533,https://xe.chotot.com//[object Object]-quan-thanh-xuan-ha-noi/85720508.htm
534,https://xe.chotot.com//[object Object]-huyen-binh-chanh-tp-ho-chi-minh/87093278.htm
535,https://xe.chotot.com//[object Object]-quan-thanh-xuan-ha-noi/87507515.htm
536,https://xe.chotot.com//[object Object]-quan-thu-duc-tp-ho-chi-minh/85925247.htm
537,https://xe.chotot.com//[object Object]-quan-thanh-xuan-ha-noi/87629419.htm
538,https://xe.chotot.com//[object Object]-quan-thu-duc-tp-ho-chi-minh/87220040.htm
539,https://xe.chotot.com//[object Object]-quan-thanh-xuan-ha-noi/85951687.htm
540,https://xe.chotot.com//[object Object]-thanh-pho-hai-duong-hai-duong/87954127.htm
541,https://xe.chotot.com//[object Object]-quan-thu-duc-tp-ho-chi-minh/86607593.htm
542,https://xe.chotot.com//[object Object]-quan-cau-giay-ha-noi/87954117.htm
543,https://xe.chotot.com//[object Object]-huyen-thuong-xuan-thanh-hoa/87954105.htm
544,https://xe.chotot.com//[object Object]-quan-cau-giay-ha-noi/87954101.htm
545,https://xe.chotot.com//[object Object]-thanh-pho-hai-duong-hai-duong/87954078.htm
546,https://xe.chotot.com//[object Object]-quan-thanh-xuan-ha-noi/87413487.htm
547,https://xe.chotot.com//[object Object]-huyen-thieu-hoa-thanh-hoa/87816734.htm
548,https://xe.chotot.com//[object Object]-quan-thu-duc-tp-ho-chi-minh/87149293.htm
549,https://xe.chotot.com//[object Object]-quan-hoang-mai-ha-noi/87025358.htm
550,https://xe.chotot.com//[object Object]-quan-thanh-xuan-ha-noi/87337171.htm
551,https://xe.chotot.com//[object Object]-quan-thu-duc-tp-ho-chi-minh/83084398.htm
552,https://xe.chotot.com//[object Object]-thanh-pho-vinh-yen-vinh-phuc/87858517.htm
553,https://xe.chotot.com//[object Object]-huyen-thuan-thanh-bac-ninh/87953914.htm
554,https://xe.chotot.com//[object Object]-quan-tan-phu-tp-ho-chi-minh/81408115.htm
555,https://xe.chotot.com//[object Object]-quan-hoang-mai-ha-noi/81882954.htm
556,https://xe.chotot.com//[object Object]-huyen-yen-phong-bac-ninh/83438370.htm
557,https://xe.chotot.com//[object Object]-quan-12-tp-ho-chi-minh/85872248.htm
558,https://xe.chotot.com//[object Object]-quan-thanh-xuan-ha-noi/87414163.htm
559,https://xe.chotot.com//[object Object]-quan-ha-dong-ha-noi/87953899.htm
560,https://xe.chotot.com//[object Object]-huyen-binh-chanh-tp-ho-chi-minh/85651934.htm
561,https://xe.chotot.com//[object Object]-huyen-thanh-tri-ha-noi/87913162.htm
562,https://xe.chotot.com//[object Object]-thanh-pho-hai-duong-hai-duong/87713962.htm
563,https://xe.chotot.com//[object Object]-quan-ba-dinh-ha-noi/86950397.htm
564,https://xe.chotot.com//[object Object]-quan-hoang-mai-ha-noi/87684857.htm
565,https://xe.chotot.com//[object Object]-quan-nam-tu-liem-ha-noi/87233503.htm
566,https://xe.chotot.com//[object Object]-quan-cau-giay-ha-noi/87816130.htm
567,https://xe.chotot.com//[object Object]-thanh-pho-tam-ky-quang-nam/87953870.htm
568,https://xe.chotot.com//[object Object]-quan-thanh-xuan-ha-noi/87349218.htm
569,https://xe.chotot.com//[object Object]-huyen-thanh-tri-ha-noi/87946567.htm
570,https://xe.chotot.com//[object Object]-thanh-pho-hai-duong-hai-duong/87782303.htm
571,https://xe.chotot.com//[object Object]-huyen-cu-chi-tp-ho-chi-minh/86526706.htm
572,https://xe.chotot.com//[object Object]-thanh-pho-thu-dau-mot-binh-duong/86740684.htm
573,https://xe.chotot.com//[object Object]-quan-thanh-xuan-ha-noi/87372335.htm
574,https://xe.chotot.com//[object Object]-huyen-thanh-tri-ha-noi/87705090.htm
575,https://xe.chotot.com//[object Object]-thanh-pho-thanh-hoa-thanh-hoa/86217001.htm
576,https://xe.chotot.com//[object Object]-quan-bac-tu-liem-ha-noi/87526790.htm
577,https://xe.chotot.com//[object Object]-quan-bac-tu-liem-ha-noi/87686888.htm
578,https://xe.chotot.com//[object Object]-huyen-thanh-tri-ha-noi/87694700.htm
579,https://xe.chotot.com//[object Object]-quan-bac-tu-liem-ha-noi/87682403.htm
580,https://xe.chotot.com//[object Object]-quan-nam-tu-liem-ha-noi/87492997.htm
581,https://xe.chotot.com//[object Object]-thanh-pho-thai-nguyen-thai-nguyen/87931619.htm
582,https://xe.chotot.com//[object Object]-huyen-me-linh-ha-noi/87687448.htm
583,https://xe.chotot.com//[object Object]-quan-bac-tu-liem-ha-noi/87675594.htm
584,https://xe.chotot.com//[object Object]-thanh-pho-thai-nguyen-thai-nguyen/87892765.htm
585,https://xe.chotot.com//[object Object]-thanh-pho-phuc-yen-vinh-phuc/87538195.htm
586,https://xe.chotot.com//[object Object]-thanh-pho-thai-nguyen-thai-nguyen/86957228.htm
587,https://xe.chotot.com//[object Object]-quan-10-tp-ho-chi-minh/85704447.htm
588,https://xe.chotot.com//[object Object]-quan-do-son-hai-phong/87953428.htm
589,https://xe.chotot.com//[object Object]-quan-thu-duc-tp-ho-chi-minh/86111270.htm
590,https://xe.chotot.com//[object Object]-quan-cau-giay-ha-noi/87501777.htm
591,https://xe.chotot.com//[object Object]-thanh-pho-thai-nguyen-thai-nguyen/81261419.htm
592,https://xe.chotot.com//[object Object]-quan-binh-tan-tp-ho-chi-minh/87573585.htm
593,https://xe.chotot.com//[object Object]-huyen-dong-anh-ha-noi/87583072.htm
594,https://xe.chotot.com//[object Object]-quan-nam-tu-liem-ha-noi/84624735.htm
595,https://xe.chotot.com//[object Object]-quan-thu-duc-tp-ho-chi-minh/87192222.htm
596,https://xe.chotot.com//[object Object]-quan-tay-ho-ha-noi/87687483.htm
597,https://xe.chotot.com//[object Object]-quan-cau-giay-ha-noi/86106643.htm
598,https://xe.chotot.com//[object Object]-thanh-pho-thai-nguyen-thai-nguyen/87786743.htm
599,https://xe.chotot.com//[object Object]-huyen-dong-anh-ha-noi/87582693.htm
600,https://xe.chotot.com//[object Object]-quan-nam-tu-liem-ha-noi/85454819.htm
601,https://xe.chotot.com//[object Object]-quan-thu-duc-tp-ho-chi-minh/85945112.htm
602,https://xe.chotot.com//[object Object]-quan-7-tp-ho-chi-minh/85075280.htm
603,https://xe.chotot.com//[object Object]-quan-cau-giay-ha-noi/87602071.htm
604,https://xe.chotot.com//[object Object]-huyen-hon-quan-binh-phuoc/87953282.htm
605,https://xe.chotot.com//[object Object]-thanh-pho-thai-nguyen-thai-nguyen/86111020.htm
606,https://xe.chotot.com//[object Object]-huyen-dong-anh-ha-noi/87301213.htm
607,https://xe.chotot.com//[object Object]-huyen-dak-glong-dak-nong/87925117.htm
608,https://xe.chotot.com//[object Object]-huyen-long-dien-ba-ria-vung-tau/87817390.htm
609,https://xe.chotot.com//[object Object]-quan-nam-tu-liem-ha-noi/87395537.htm
610,https://xe.chotot.com//[object Object]-thanh-pho-buon-ma-thuot-dak-lak/87515274.htm
611,https://xe.chotot.com//[object Object]-quan-long-bien-ha-noi/87611023.htm
612,https://xe.chotot.com//[object Object]-quan-nam-tu-liem-ha-noi/87241798.htm
613,https://xe.chotot.com//[object Object]-thanh-pho-soc-trang-soc-trang/87953238.htm
614,https://xe.chotot.com//[object Object]-thanh-pho-thai-nguyen-thai-nguyen/87910657.htm
615,https://xe.chotot.com//[object Object]-quan-tan-binh-tp-ho-chi-minh/87953193.htm
616,https://xe.chotot.com//[object Object]-quan-nam-tu-liem-ha-noi/84506792.htm
617,https://xe.chotot.com//[object Object]-quan-nam-tu-liem-ha-noi/87102181.htm
618,https://xe.chotot.com//[object Object]-quan-tan-phu-tp-ho-chi-minh/87270577.htm
619,https://xe.chotot.com//[object Object]-thanh-pho-bac-giang-bac-giang/87953132.htm
620,https://xe.chotot.com//[object Object]-thanh-pho-thai-nguyen-thai-nguyen/87574585.htm
621,https://xe.chotot.com//[object Object]-quan-cau-giay-ha-noi/86688352.htm
622,https://xe.chotot.com//[object Object]-quan-nam-tu-liem-ha-noi/85655722.htm
623,https://xe.chotot.com//[object Object]-quan-nam-tu-liem-ha-noi/87783934.htm
624,https://xe.chotot.com//[object Object]-thanh-pho-thai-nguyen-thai-nguyen/84715177.htm
625,https://xe.chotot.com//[object Object]-quan-7-tp-ho-chi-minh/87946556.htm
626,https://xe.chotot.com//[object Object]-quan-cau-giay-ha-noi/87630701.htm
627,https://xe.chotot.com//[object Object]-quan-nam-tu-liem-ha-noi/85383517.htm
628,https://xe.chotot.com//[object Object]-thanh-pho-da-lat-lam-dong/87952977.htm
629,https://xe.chotot.com//[object Object]-thanh-pho-buon-ma-thuot-dak-lak/87755815.htm
630,https://xe.chotot.com//[object Object]-quan-nam-tu-liem-ha-noi/87633394.htm
631,https://xe.chotot.com//[object Object]-quan-bac-tu-liem-ha-noi/87952942.htm
632,https://xe.chotot.com//[object Object]-thanh-pho-thai-nguyen-thai-nguyen/87727656.htm
633,https://xe.chotot.com//[object Object]-quan-cau-giay-ha-noi/87599063.htm
634,https://xe.chotot.com//[object Object]-quan-nam-tu-liem-ha-noi/86806720.htm
635,https://xe.chotot.com//[object Object]-thanh-pho-buon-ma-thuot-dak-lak/87914842.htm
636,https://xe.chotot.com//[object Object]-quan-nam-tu-liem-ha-noi/87783917.htm
637,https://xe.chotot.com//[object Object]-quan-nam-tu-liem-ha-noi/87652648.htm
638,https://xe.chotot.com//[object Object]-huyen-krong-pac-dak-lak/87727007.htm
639,https://xe.chotot.com//[object Object]-quan-nam-tu-liem-ha-noi/87952843.htm
640,https://xe.chotot.com//[object Object]-quan-nam-tu-liem-ha-noi/82067824.htm
641,https://xe.chotot.com//[object Object]-quan-nam-tu-liem-ha-noi/87429686.htm
642,https://xe.chotot.com//[object Object]-quan-thanh-xuan-ha-noi/87935767.htm
643,https://xe.chotot.com//[object Object]-thanh-pho-vinh-yen-vinh-phuc/87952772.htm
644,https://xe.chotot.com//[object Object]-thanh-pho-thai-binh-thai-binh/87476970.htm
645,https://xe.chotot.com//[object Object]-huyen-dong-anh-ha-noi/86361492.htm
646,https://xe.chotot.com//[object Object]-huyen-duc-trong-lam-dong/87952655.htm
647,https://xe.chotot.com//[object Object]-huyen-duc-trong-lam-dong/87687093.htm
648,https://xe.chotot.com//[object Object]-huyen-moc-hoa-long-an/86679815.htm
649,https://xe.chotot.com//[object Object]-quan-long-bien-ha-noi/87018889.htm
650,https://xe.chotot.com//[object Object]-thanh-pho-phu-ly-ha-nam/87952526.htm
651,https://xe.chotot.com//[object Object]-quan-cau-giay-ha-noi/85965026.htm
652,https://xe.chotot.com//[object Object]-quan-12-tp-ho-chi-minh/87093079.htm
653,https://xe.chotot.com//[object Object]-thanh-pho-hai-duong-hai-duong/87907540.htm
654,https://xe.chotot.com//[object Object]-quan-long-bien-ha-noi/86677511.htm
655,https://xe.chotot.com//[object Object]-thanh-pho-da-lat-lam-dong/87916454.htm
656,https://xe.chotot.com//[object Object]-quan-cau-giay-ha-noi/87778717.htm
657,https://xe.chotot.com//[object Object]-quan-ha-dong-ha-noi/87952387.htm
658,https://xe.chotot.com//[object Object]-quan-ngu-hanh-son-da-nang/87952372.htm
659,https://xe.chotot.com//[object Object]-quan-long-bien-ha-noi/87210489.htm
660,https://xe.chotot.com//[object Object]-quan-bac-tu-liem-ha-noi/87952337.htm
661,https://xe.chotot.com//[object Object]-quan-long-bien-ha-noi/85806388.htm
662,https://xe.chotot.com//[object Object]-huyen-binh-chanh-tp-ho-chi-minh/87952272.htm
663,https://xe.chotot.com//[object Object]-quan-thanh-xuan-ha-noi/87952265.htm
664,https://xe.chotot.com//[object Object]-thanh-pho-quang-ngai-quang-ngai/87952258.htm
665,https://xe.chotot.com//[object Object]-thanh-pho-vung-tau-ba-ria-vung-tau/87952177.htm
666,https://xe.chotot.com//[object Object]-quan-long-bien-ha-noi/85425136.htm
667,https://xe.chotot.com//[object Object]-quan-nam-tu-liem-ha-noi/87512626.htm
668,https://xe.chotot.com//[object Object]-huyen-duong-minh-chau-tay-ninh/87084011.htm
669,https://xe.chotot.com//[object Object]-quan-long-bien-ha-noi/86790921.htm
670,https://xe.chotot.com//[object Object]-huyen-an-duong-hai-phong/87952038.htm
671,https://xe.chotot.com//[object Object]-quan-6-tp-ho-chi-minh/87952037.htm
672,https://xe.chotot.com//[object Object]-quan-dong-da-ha-noi/87912300.htm
673,https://xe.chotot.com//[object Object]-huyen-tuy-phong-binh-thuan/87952001.htm
674,https://xe.chotot.com//[object Object]-quan-long-bien-ha-noi/87951995.htm
675,https://xe.chotot.com//[object Object]-quan-long-bien-ha-noi/87951993.htm
676,https://xe.chotot.com//[object Object]-quan-long-bien-ha-noi/87479601.htm
677,https://xe.chotot.com//[object Object]-quan-hoang-mai-ha-noi/86061023.htm
678,https://xe.chotot.com//[object Object]-thanh-pho-lang-son-lang-son/87951925.htm
679,https://xe.chotot.com//[object Object]-thanh-pho-rach-gia-kien-giang/87928415.htm
680,https://xe.chotot.com//[object Object]-quan-12-tp-ho-chi-minh/85898271.htm
681,https://xe.chotot.com//[object Object]-quan-thu-duc-tp-ho-chi-minh/86330710.htm
682,https://xe.chotot.com//[object Object]-quan-ha-dong-ha-noi/86170497.htm
683,https://xe.chotot.com//[object Object]-quan-tay-ho-ha-noi/87457170.htm
684,https://xe.chotot.com//[object Object]-thanh-pho-kon-tum-kon-tum/87951639.htm
685,https://xe.chotot.com//[object Object]-huyen-cu-chi-tp-ho-chi-minh/83287867.htm
686,https://xe.chotot.com//[object Object]-thanh-pho-quang-ngai-quang-ngai/87951568.htm
687,https://xe.chotot.com//[object Object]-quan-cau-giay-ha-noi/87543881.htm
688,https://xe.chotot.com//[object Object]-huyen-cu-chi-tp-ho-chi-minh/86195529.htm
689,https://xe.chotot.com//[object Object]-quan-2-tp-ho-chi-minh/87886239.htm
690,https://xe.chotot.com//[object Object]-thanh-pho-buon-ma-thuot-dak-lak/86497437.htm
691,https://xe.chotot.com//[object Object]-thanh-pho-bien-hoa-dong-nai/87951417.htm
692,https://xe.chotot.com//[object Object]-huyen-cu-chi-tp-ho-chi-minh/87933385.htm
693,https://xe.chotot.com//[object Object]-quan-2-tp-ho-chi-minh/86751400.htm
694,https://xe.chotot.com//[object Object]-quan-bac-tu-liem-ha-noi/85929980.htm
695,https://xe.chotot.com//[object Object]-thanh-pho-thuan-an-binh-duong/85285218.htm
696,https://xe.chotot.com//[object Object]-quan-thanh-xuan-ha-noi/87550704.htm
697,https://xe.chotot.com//[object Object]-quan-thu-duc-tp-ho-chi-minh/87945567.htm
698,https://xe.chotot.com//[object Object]-quan-2-tp-ho-chi-minh/86054060.htm
699,https://xe.chotot.com//[object Object]-quan-bac-tu-liem-ha-noi/84493197.htm
700,https://xe.chotot.com//[object Object]-quan-2-tp-ho-chi-minh/85281154.htm
701,https://xe.chotot.com//[object Object]-quan-thanh-xuan-ha-noi/85509387.htm
702,https://xe.chotot.com//[object Object]-quan-12-tp-ho-chi-minh/87252634.htm
703,https://xe.chotot.com//[object Object]-quan-bac-tu-liem-ha-noi/83276008.htm
704,https://xe.chotot.com//[object Object]-quan-cau-giay-ha-noi/86297026.htm
705,https://xe.chotot.com//[object Object]-huyen-kien-thuy-hai-phong/87951187.htm
706,https://xe.chotot.com//[object Object]-thanh-pho-quang-ngai-quang-ngai/87726533.htm
707,https://xe.chotot.com//[object Object]-quan-thanh-xuan-ha-noi/86001756.htm
708,https://xe.chotot.com//[object Object]-quan-ha-dong-ha-noi/87951119.htm
709,https://xe.chotot.com//[object Object]-thanh-pho-hai-duong-hai-duong/87951099.htm
710,https://xe.chotot.com//[object Object]-huyen-buon-don-dak-lak/87951094.htm
711,https://xe.chotot.com//[object Object]-quan-bac-tu-liem-ha-noi/85583312.htm
712,https://xe.chotot.com//[object Object]-quan-thanh-xuan-ha-noi/86773124.htm
713,https://xe.chotot.com//[object Object]-quan-thanh-xuan-ha-noi/87762581.htm
714,https://xe.chotot.com//[object Object]-quan-thanh-xuan-ha-noi/83128255.htm
715,https://xe.chotot.com//[object Object]-quan-bac-tu-liem-ha-noi/87391311.htm
716,https://xe.chotot.com//[object Object]-huyen-yen-lac-vinh-phuc/87951033.htm
717,https://xe.chotot.com//[object Object]-thanh-pho-hai-duong-hai-duong/87951027.htm
718,https://xe.chotot.com//[object Object]-quan-thanh-xuan-ha-noi/87821812.htm
719,https://xe.chotot.com//[object Object]-quan-thanh-xuan-ha-noi/86864952.htm
720,https://xe.chotot.com//[object Object]-thanh-pho-bien-hoa-dong-nai/86197856.htm
721,https://xe.chotot.com//[object Object]-quan-nam-tu-liem-ha-noi/87950937.htm
722,https://xe.chotot.com//[object Object]-quan-bac-tu-liem-ha-noi/86499559.htm
723,https://xe.chotot.com//[object Object]-thi-xa-dien-ban-quang-nam/87950921.htm
724,https://xe.chotot.com//[object Object]-quan-thanh-xuan-ha-noi/86290500.htm
725,https://xe.chotot.com//[object Object]-quan-thanh-xuan-ha-noi/85328154.htm
726,https://xe.chotot.com//[object Object]-thanh-pho-bien-hoa-dong-nai/87079910.htm
727,https://xe.chotot.com//[object Object]-quan-nam-tu-liem-ha-noi/87586382.htm
728,https://xe.chotot.com//[object Object]-quan-bac-tu-liem-ha-noi/87191758.htm
729,https://xe.chotot.com//[object Object]-quan-cau-giay-ha-noi/87350669.htm
730,https://xe.chotot.com//[object Object]-quan-thanh-xuan-ha-noi/86287274.htm
731,https://xe.chotot.com//[object Object]-quan-thanh-xuan-ha-noi/85601429.htm
732,https://xe.chotot.com//[object Object]-quan-binh-tan-tp-ho-chi-minh/85896225.htm
733,https://xe.chotot.com//[object Object]-thi-xa-my-hao-hung-yen/87917583.htm
734,https://xe.chotot.com//[object Object]-quan-tan-phu-tp-ho-chi-minh/87950803.htm
735,https://xe.chotot.com//[object Object]-quan-nam-tu-liem-ha-noi/87633467.htm
736,https://xe.chotot.com//[object Object]-quan-thanh-xuan-ha-noi/85169526.htm
737,https://xe.chotot.com//[object Object]-quan-long-bien-ha-noi/85780619.htm
738,https://xe.chotot.com//[object Object]-quan-bac-tu-liem-ha-noi/85914489.htm
739,https://xe.chotot.com//[object Object]-huyen-soc-son-ha-noi/87926932.htm
740,https://xe.chotot.com//[object Object]-quan-go-vap-tp-ho-chi-minh/81947017.htm
741,https://xe.chotot.com//[object Object]-quan-long-bien-ha-noi/87338467.htm
742,https://xe.chotot.com//[object Object]-quan-tan-phu-tp-ho-chi-minh/87950705.htm
743,https://xe.chotot.com//[object Object]-thanh-pho-thu-dau-mot-binh-duong/84759080.htm
744,https://xe.chotot.com//[object Object]-thanh-pho-buon-ma-thuot-dak-lak/60543835.htm
745,https://xe.chotot.com//[object Object]-quan-thanh-xuan-ha-noi/86774043.htm
746,https://xe.chotot.com//[object Object]-quan-12-tp-ho-chi-minh/86176140.htm
747,https://xe.chotot.com//[object Object]-quan-thanh-xuan-ha-noi/87528962.htm
748,https://xe.chotot.com//[object Object]-quan-thanh-xuan-ha-noi/87950648.htm
749,https://xe.chotot.com//[object Object]-quan-ha-dong-ha-noi/86642500.htm
750,https://xe.chotot.com//[object Object]-quan-long-bien-ha-noi/86432614.htm
751,https://xe.chotot.com//[object Object]-quan-thu-duc-tp-ho-chi-minh/77825132.htm
752,https://xe.chotot.com//[object Object]-quan-cau-giay-ha-noi/87399919.htm
753,https://xe.chotot.com//[object Object]-quan-4-tp-ho-chi-minh/87011116.htm
754,https://xe.chotot.com//[object Object]-thanh-pho-thu-dau-mot-binh-duong/85759116.htm
755,https://xe.chotot.com//[object Object]-quan-8-tp-ho-chi-minh/86434510.htm
756,https://xe.chotot.com//[object Object]-quan-thanh-xuan-ha-noi/86697118.htm
757,https://xe.chotot.com//[object Object]-huyen-thanh-tri-ha-noi/87622047.htm
758,https://xe.chotot.com//[object Object]-quan-thanh-xuan-ha-noi/87468595.htm
759,https://xe.chotot.com//[object Object]-quan-cau-giay-ha-noi/87513107.htm
760,https://xe.chotot.com//[object Object]-quan-long-bien-ha-noi/85952090.htm
761,https://xe.chotot.com//[object Object]-thanh-pho-bao-loc-lam-dong/85636454.htm
762,https://xe.chotot.com//[object Object]-huyen-duong-minh-chau-tay-ninh/87664445.htm
763,https://xe.chotot.com//[object Object]-quan-cau-giay-ha-noi/87886511.htm
764,https://xe.chotot.com//[object Object]-quan-long-bien-ha-noi/87492081.htm
765,https://xe.chotot.com//[object Object]-thanh-pho-thu-dau-mot-binh-duong/82251274.htm
766,https://xe.chotot.com//[object Object]-quan-10-tp-ho-chi-minh/87077363.htm
767,https://xe.chotot.com//[object Object]-quan-thanh-xuan-ha-noi/87861727.htm
768,https://xe.chotot.com//[object Object]-quan-thanh-xuan-ha-noi/87317845.htm
769,https://xe.chotot.com//[object Object]-quan-tan-binh-tp-ho-chi-minh/86988177.htm
770,https://xe.chotot.com//[object Object]-quan-long-bien-ha-noi/83701288.htm
771,https://xe.chotot.com//[object Object]-thanh-pho-bao-loc-lam-dong/87811395.htm
772,https://xe.chotot.com//[object Object]-huyen-cu-kuin-dak-lak/87850052.htm
773,https://xe.chotot.com//[object Object]-quan-cau-giay-ha-noi/87524131.htm
774,https://xe.chotot.com//[object Object]-quan-long-bien-ha-noi/87210839.htm
775,https://xe.chotot.com//[object Object]-thi-xa-dien-ban-quang-nam/87950350.htm
776,https://xe.chotot.com//[object Object]-thi-xa-quang-yen-quang-ninh/87950345.htm
777,https://xe.chotot.com//[object Object]-thanh-pho-thu-dau-mot-binh-duong/84835532.htm
778,https://xe.chotot.com//[object Object]-quan-8-tp-ho-chi-minh/86165926.htm
779,https://xe.chotot.com//[object Object]-quan-cau-giay-ha-noi/87778341.htm
780,https://xe.chotot.com//[object Object]-quan-thanh-xuan-ha-noi/85880184.htm
781,https://xe.chotot.com//[object Object]-huyen-da-bac-hoa-binh/87921508.htm
782,https://xe.chotot.com//[object Object]-quan-binh-thanh-tp-ho-chi-minh/74713312.htm
783,https://xe.chotot.com//[object Object]-quan-binh-thanh-tp-ho-chi-minh/87891808.htm
784,https://xe.chotot.com//[object Object]-quan-hoan-kiem-ha-noi/83935189.htm
785,https://xe.chotot.com//[object Object]-quan-hoang-mai-ha-noi/87937508.htm
786,https://xe.chotot.com//[object Object]-quan-cau-giay-ha-noi/87550320.htm
787,https://xe.chotot.com//[object Object]-quan-long-bien-ha-noi/86360215.htm
788,https://xe.chotot.com//[object Object]-quan-go-vap-tp-ho-chi-minh/87950216.htm
789,https://xe.chotot.com//[object Object]-quan-go-vap-tp-ho-chi-minh/85781469.htm
790,https://xe.chotot.com//[object Object]-thanh-pho-thu-dau-mot-binh-duong/87840326.htm
791,https://xe.chotot.com//[object Object]-thi-xa-phu-my-ba-ria-vung-tau/87025825.htm
792,https://xe.chotot.com//[object Object]-quan-cau-giay-ha-noi/87950198.htm
793,https://xe.chotot.com//[object Object]-huyen-duc-linh-binh-thuan/87748926.htm
794,https://xe.chotot.com//[object Object]-quan-thanh-xuan-ha-noi/86306334.htm
795,https://xe.chotot.com//[object Object]-quan-cau-giay-ha-noi/87901028.htm
796,https://xe.chotot.com//[object Object]-quan-ngo-quyen-hai-phong/87950176.htm
797,https://xe.chotot.com//[object Object]-thanh-pho-hoa-binh-hoa-binh/87899017.htm
798,https://xe.chotot.com//[object Object]-quan-binh-thanh-tp-ho-chi-minh/86356246.htm
799,https://xe.chotot.com//[object Object]-thanh-pho-buon-ma-thuot-dak-lak/87950159.htm
800,https://xe.chotot.com//[object Object]-thanh-pho-da-lat-lam-dong/85855667.htm
801,https://xe.chotot.com//[object Object]-quan-dong-da-ha-noi/87859921.htm
802,https://xe.chotot.com//[object Object]-quan-hoang-mai-ha-noi/87570891.htm
803,https://xe.chotot.com//[object Object]-quan-cau-giay-ha-noi/87475002.htm
804,https://xe.chotot.com//[object Object]-quan-long-bien-ha-noi/87688561.htm
805,https://xe.chotot.com//[object Object]-quan-nam-tu-liem-ha-noi/87784545.htm
806,https://xe.chotot.com//[object Object]-quan-go-vap-tp-ho-chi-minh/87868552.htm
807,https://xe.chotot.com//[object Object]-thanh-pho-thu-dau-mot-binh-duong/86818544.htm
808,https://xe.chotot.com//[object Object]-quan-thanh-xuan-ha-noi/87638384.htm
809,https://xe.chotot.com//[object Object]-quan-nam-tu-liem-ha-noi/87923511.htm
810,https://xe.chotot.com//[object Object]-quan-cau-giay-ha-noi/85164382.htm
811,https://xe.chotot.com//[object Object]-huyen-thang-binh-quang-nam/86043417.htm
812,https://xe.chotot.com//[object Object]-thanh-pho-thu-dau-mot-binh-duong/87282211.htm
813,https://xe.chotot.com//[object Object]-quan-binh-thanh-tp-ho-chi-minh/86989026.htm
814,https://xe.chotot.com//[object Object]-huyen-thuan-thanh-bac-ninh/87950008.htm
815,https://xe.chotot.com//[object Object]-quan-hoan-kiem-ha-noi/85502509.htm
816,https://xe.chotot.com//[object Object]-quan-cau-giay-ha-noi/87433706.htm
817,https://xe.chotot.com//[object Object]-quan-long-bien-ha-noi/87242366.htm
818,https://xe.chotot.com//[object Object]-quan-go-vap-tp-ho-chi-minh/86554214.htm
819,https://xe.chotot.com//[object Object]-thanh-pho-thu-dau-mot-binh-duong/83328199.htm
820,https://xe.chotot.com//[object Object]-huyen-luc-nam-bac-giang/87891918.htm
821,https://xe.chotot.com//[object Object]-quan-thanh-xuan-ha-noi/86612143.htm
822,https://xe.chotot.com//[object Object]-quan-cau-giay-ha-noi/87512669.htm
823,https://xe.chotot.com//[object Object]-quan-binh-thanh-tp-ho-chi-minh/81643553.htm
824,https://xe.chotot.com//[object Object]-huyen-thuy-nguyen-hai-phong/87949880.htm
825,https://xe.chotot.com//[object Object]-quan-binh-tan-tp-ho-chi-minh/86516461.htm
826,https://xe.chotot.com//[object Object]-quan-hoang-mai-ha-noi/87871863.htm
827,https://xe.chotot.com//[object Object]-quan-cau-giay-ha-noi/87433958.htm
828,https://xe.chotot.com//[object Object]-quan-ha-dong-ha-noi/87591052.htm
829,https://xe.chotot.com//[object Object]-huyen-que-vo-bac-ninh/87263765.htm
830,https://xe.chotot.com//[object Object]-thanh-pho-thu-dau-mot-binh-duong/87499134.htm
831,https://xe.chotot.com//[object Object]-quan-thanh-xuan-ha-noi/87905069.htm
832,https://xe.chotot.com//[object Object]-huyen-da-bac-hoa-binh/87765581.htm
833,https://xe.chotot.com//[object Object]-quan-ha-dong-ha-noi/87949813.htm
834,https://xe.chotot.com//[object Object]-thanh-pho-hai-duong-hai-duong/87949806.htm
835,https://xe.chotot.com//[object Object]-huyen-thuy-nguyen-hai-phong/87949782.htm
836,https://xe.chotot.com//[object Object]-quan-hoan-kiem-ha-noi/86993278.htm
837,https://xe.chotot.com//[object Object]-quan-binh-tan-tp-ho-chi-minh/87613753.htm
838,https://xe.chotot.com//[object Object]-thi-xa-di-an-binh-duong/87949757.htm
839,https://xe.chotot.com//[object Object]-quan-cau-giay-ha-noi/87864564.htm
840,https://xe.chotot.com//[object Object]-huyen-que-vo-bac-ninh/87894333.htm
841,https://xe.chotot.com//[object Object]-huyen-que-vo-bac-ninh/87949751.htm
842,https://xe.chotot.com//[object Object]-quan-cau-giay-ha-noi/86298467.htm
843,https://xe.chotot.com//[object Object]-thanh-pho-thu-dau-mot-binh-duong/87488240.htm
844,https://xe.chotot.com//[object Object]-thanh-pho-bien-hoa-dong-nai/87813813.htm
845,https://xe.chotot.com//[object Object]-huyen-thuy-nguyen-hai-phong/87949710.htm
846,https://xe.chotot.com//[object Object]-thanh-pho-hai-duong-hai-duong/87236177.htm
847,https://xe.chotot.com//[object Object]-quan-thanh-xuan-ha-noi/87036664.htm
848,https://xe.chotot.com//[object Object]-thanh-pho-vinh-yen-vinh-phuc/87659613.htm
849,https://xe.chotot.com//[object Object]-quan-2-tp-ho-chi-minh/87945460.htm
850,https://xe.chotot.com//[object Object]-quan-ha-dong-ha-noi/86850625.htm
851,https://xe.chotot.com//[object Object]-quan-binh-tan-tp-ho-chi-minh/87751168.htm
852,https://xe.chotot.com//[object Object]-quan-12-tp-ho-chi-minh/86208894.htm
853,https://xe.chotot.com//[object Object]-quan-long-bien-ha-noi/87949626.htm
854,https://xe.chotot.com//[object Object]-huyen-dong-anh-ha-noi/87927362.htm
855,https://xe.chotot.com//[object Object]-quan-bac-tu-liem-ha-noi/85253949.htm
856,https://xe.chotot.com//[object Object]-quan-thanh-xuan-ha-noi/87346724.htm
857,https://xe.chotot.com//[object Object]-thanh-pho-vinh-yen-vinh-phuc/85965893.htm
858,https://xe.chotot.com//[object Object]-quan-bac-tu-liem-ha-noi/86044843.htm
859,https://xe.chotot.com//[object Object]-thanh-pho-bao-loc-lam-dong/87949537.htm
860,https://xe.chotot.com//[object Object]-quan-ha-dong-ha-noi/87067575.htm
861,https://xe.chotot.com//[object Object]-quan-binh-tan-tp-ho-chi-minh/86387664.htm
862,https://xe.chotot.com//[object Object]-huyen-long-ho-vinh-long/87949473.htm
863,https://xe.chotot.com//[object Object]-quan-thanh-xuan-ha-noi/87949462.htm
864,https://xe.chotot.com//[object Object]-thanh-pho-thu-dau-mot-binh-duong/87299342.htm
865,https://xe.chotot.com//[object Object]-huyen-loc-ha-ha-tinh/87949449.htm
866,https://xe.chotot.com//[object Object]-huyen-gia-lam-ha-noi/87687129.htm
867,https://xe.chotot.com//[object Object]-quan-bac-tu-liem-ha-noi/86093891.htm
868,https://xe.chotot.com//[object Object]-quan-thanh-xuan-ha-noi/86612858.htm
869,https://xe.chotot.com//[object Object]-huyen-luc-ngan-bac-giang/87944174.htm
870,https://xe.chotot.com//[object Object]-quan-binh-tan-tp-ho-chi-minh/87919504.htm
871,https://xe.chotot.com//[object Object]-huyen-krong-pac-dak-lak/87866317.htm
872,https://xe.chotot.com//[object Object]-quan-ha-dong-ha-noi/87907139.htm
873,https://xe.chotot.com//[object Object]-quan-thanh-xuan-ha-noi/86464873.htm
874,https://xe.chotot.com//[object Object]-quan-ha-dong-ha-noi/87573969.htm
875,https://xe.chotot.com//[object Object]-huyen-thang-binh-quang-nam/87396827.htm
876,https://xe.chotot.com//[object Object]-quan-binh-thuy-can-tho/87614996.htm
877,https://xe.chotot.com//[object Object]-thanh-pho-nam-dinh-nam-dinh/87949330.htm
878,https://xe.chotot.com//[object Object]-quan-bac-tu-liem-ha-noi/81253616.htm
879,https://xe.chotot.com//[object Object]-quan-thanh-xuan-ha-noi/87171080.htm
880,https://xe.chotot.com//[object Object]-thi-xa-an-khe-gia-lai/87949301.htm
881,https://xe.chotot.com//[object Object]-thanh-pho-thai-nguyen-thai-nguyen/87949291.htm
882,https://xe.chotot.com//[object Object]-huyen-krong-pac-dak-lak/87927434.htm
883,https://xe.chotot.com//[object Object]-huyen-soc-son-ha-noi/87864558.htm
884,https://xe.chotot.com//[object Object]-quan-cau-giay-ha-noi/87292114.htm
885,https://xe.chotot.com//[object Object]-quan-thanh-xuan-ha-noi/86320041.htm
886,https://xe.chotot.com//[object Object]-quan-go-vap-tp-ho-chi-minh/85134341.htm
887,https://xe.chotot.com//[object Object]-huyen-dau-tieng-binh-duong/85546971.htm
888,https://xe.chotot.com//[object Object]-huyen-dong-anh-ha-noi/87741556.htm
889,https://xe.chotot.com//[object Object]-quan-ha-dong-ha-noi/87929868.htm
890,https://xe.chotot.com//[object Object]-huyen-an-duong-hai-phong/87949274.htm
891,https://xe.chotot.com//[object Object]-quan-binh-tan-tp-ho-chi-minh/86224407.htm
892,https://xe.chotot.com//[object Object]-quan-binh-thuy-can-tho/87949260.htm
893,https://xe.chotot.com//[object Object]-quan-binh-thanh-tp-ho-chi-minh/87949259.htm
894,https://xe.chotot.com//[object Object]-quan-bac-tu-liem-ha-noi/84977145.htm
895,https://xe.chotot.com//[object Object]-quan-thanh-xuan-ha-noi/87620889.htm
896,https://xe.chotot.com//[object Object]-huyen-duc-trong-lam-dong/87949241.htm
897,https://xe.chotot.com//[object Object]-quan-thu-duc-tp-ho-chi-minh/85782236.htm
898,https://xe.chotot.com//[object Object]-quan-hoang-mai-ha-noi/87949206.htm
899,https://xe.chotot.com//[object Object]-quan-thanh-xuan-ha-noi/85663910.htm
900,https://xe.chotot.com//[object Object]-quan-thanh-xuan-ha-noi/86050026.htm
901,https://xe.chotot.com//[object Object]-huyen-an-lao-hai-phong/87949194.htm
902,https://xe.chotot.com//[object Object]-quan-binh-thuy-can-tho/87941206.htm
903,https://xe.chotot.com//[object Object]-quan-bac-tu-liem-ha-noi/85381556.htm
904,https://xe.chotot.com//[object Object]-thanh-pho-buon-ma-thuot-dak-lak/87713074.htm
905,https://xe.chotot.com//[object Object]-quan-thanh-xuan-ha-noi/87923672.htm
906,https://xe.chotot.com//[object Object]-quan-nam-tu-liem-ha-noi/87719975.htm
907,https://xe.chotot.com//[object Object]-quan-bac-tu-liem-ha-noi/87680563.htm
908,https://xe.chotot.com//[object Object]-quan-thanh-xuan-ha-noi/86055201.htm
909,https://xe.chotot.com//[object Object]-quan-thanh-xuan-ha-noi/84787542.htm
910,https://xe.chotot.com//[object Object]-quan-nam-tu-liem-ha-noi/87618007.htm
911,https://xe.chotot.com//[object Object]-quan-thanh-xuan-ha-noi/85956542.htm
912,https://xe.chotot.com//[object Object]-quan-nam-tu-liem-ha-noi/85569790.htm
913,https://xe.chotot.com//[object Object]-thanh-pho-thanh-hoa-thanh-hoa/87949034.htm
914,https://xe.chotot.com//[object Object]-quan-nam-tu-liem-ha-noi/87658453.htm
915,https://xe.chotot.com//[object Object]-thanh-pho-vung-tau-ba-ria-vung-tau/87306428.htm
916,https://xe.chotot.com//[object Object]-huyen-ea-kar-dak-lak/87925738.htm
917,https://xe.chotot.com//[object Object]-thanh-pho-vung-tau-ba-ria-vung-tau/87546779.htm
918,https://xe.chotot.com//[object Object]-quan-hoang-mai-ha-noi/87614509.htm
919,https://xe.chotot.com//[object Object]-quan-le-chan-hai-phong/87781566.htm
920,https://xe.chotot.com//[object Object]-huyen-nam-dan-nghe-an/87948837.htm
921,https://xe.chotot.com//[object Object]-quan-phu-nhuan-tp-ho-chi-minh/87650441.htm
922,https://xe.chotot.com//[object Object]-thanh-pho-vung-tau-ba-ria-vung-tau/84559231.htm
923,https://xe.chotot.com//[object Object]-quan-thu-duc-tp-ho-chi-minh/87254836.htm
924,https://xe.chotot.com//[object Object]-huyen-soc-son-ha-noi/87870980.htm
925,https://xe.chotot.com//[object Object]-quan-12-tp-ho-chi-minh/87903471.htm
926,https://xe.chotot.com//[object Object]-thanh-pho-bao-loc-lam-dong/87086135.htm
927,https://xe.chotot.com//[object Object]-thanh-pho-bao-loc-lam-dong/86846660.htm
928,https://xe.chotot.com//[object Object]-huyen-nghia-hung-nam-dinh/87785646.htm
929,https://xe.chotot.com//[object Object]-huyen-nghia-hung-nam-dinh/87948745.htm
930,https://xe.chotot.com//[object Object]-thi-xa-hoang-mai-nghe-an/87948737.htm
931,https://xe.chotot.com//[object Object]-huyen-lac-thuy-hoa-binh/87948725.htm
932,https://xe.chotot.com//[object Object]-thanh-pho-thai-binh-thai-binh/87948690.htm
933,https://xe.chotot.com//[object Object]-thanh-pho-vinh-nghe-an/87188992.htm
934,https://xe.chotot.com//[object Object]-quan-tan-binh-tp-ho-chi-minh/87863044.htm
935,https://xe.chotot.com//[object Object]-quan-long-bien-ha-noi/76936832.htm
936,https://xe.chotot.com//[object Object]-quan-bac-tu-liem-ha-noi/84527741.htm
937,https://xe.chotot.com//[object Object]-quan-long-bien-ha-noi/64854027.htm
938,https://xe.chotot.com//[object Object]-quan-bac-tu-liem-ha-noi/84040850.htm
939,https://xe.chotot.com//[object Object]-huyen-dong-anh-ha-noi/87948567.htm
940,https://xe.chotot.com//[object Object]-quan-thanh-xuan-ha-noi/87241893.htm
941,https://xe.chotot.com//[object Object]-huyen-binh-chanh-tp-ho-chi-minh/87896578.htm
942,https://xe.chotot.com//[object Object]-huyen-yen-phong-bac-ninh/82409836.htm
943,https://xe.chotot.com//[object Object]-thanh-pho-bac-ninh-bac-ninh/86626891.htm
944,https://xe.chotot.com//[object Object]-huyen-yen-lap-phu-tho/87948497.htm
945,https://xe.chotot.com//[object Object]-quan-long-bien-ha-noi/87948458.htm
946,https://xe.chotot.com//[object Object]-huyen-yen-phong-bac-ninh/87717885.htm
947,https://xe.chotot.com//[object Object]-quan-cau-giay-ha-noi/85975821.htm
948,https://xe.chotot.com//[object Object]-quan-9-tp-ho-chi-minh/85892288.htm
949,https://xe.chotot.com//[object Object]-huyen-kim-dong-hung-yen/87948390.htm
950,https://xe.chotot.com//[object Object]-thanh-pho-bac-ninh-bac-ninh/85591225.htm
951,https://xe.chotot.com//[object Object]-quan-cau-giay-ha-noi/87745151.htm
952,https://xe.chotot.com//[object Object]-thanh-pho-bao-loc-lam-dong/87948325.htm
953,https://xe.chotot.com//[object Object]-quan-dong-da-ha-noi/87948307.htm
954,https://xe.chotot.com//[object Object]-huyen-yen-phong-bac-ninh/82410148.htm
955,https://xe.chotot.com//[object Object]-quan-cau-giay-ha-noi/85764214.htm
956,https://xe.chotot.com//[object Object]-quan-kien-an-hai-phong/87488049.htm
957,https://xe.chotot.com//[object Object]-quan-cau-giay-ha-noi/86990589.htm
958,https://xe.chotot.com//[object Object]-thanh-pho-thanh-hoa-thanh-hoa/87948251.htm
959,https://xe.chotot.com//[object Object]-quan-cau-giay-ha-noi/87497487.htm
960,https://xe.chotot.com//[object Object]-quan-nam-tu-liem-ha-noi/87948214.htm
961,https://xe.chotot.com//[object Object]-huyen-phu-binh-thai-nguyen/87948212.htm
962,https://xe.chotot.com//[object Object]-huyen-dong-anh-ha-noi/87948210.htm
963,https://xe.chotot.com//[object Object]-quan-cau-giay-ha-noi/87395544.htm
964,https://xe.chotot.com//[object Object]-quan-ha-dong-ha-noi/87422602.htm
965,https://xe.chotot.com//[object Object]-quan-thu-duc-tp-ho-chi-minh/87948104.htm
966,https://xe.chotot.com//[object Object]-quan-cau-giay-ha-noi/85721353.htm
967,https://xe.chotot.com//[object Object]-quan-cau-giay-ha-noi/87948039.htm
968,https://xe.chotot.com//[object Object]-quan-cau-giay-ha-noi/85720830.htm
969,https://xe.chotot.com//[object Object]-huyen-vu-ban-nam-dinh/87871101.htm
970,https://xe.chotot.com//[object Object]-quan-ha-dong-ha-noi/86101483.htm
971,https://xe.chotot.com//[object Object]-thanh-pho-phu-ly-ha-nam/87947996.htm
972,https://xe.chotot.com//[object Object]-quan-hoang-mai-ha-noi/85243131.htm
973,https://xe.chotot.com//[object Object]-thanh-pho-hai-duong-hai-duong/87947993.htm
974,https://xe.chotot.com//[object Object]-quan-cau-giay-ha-noi/81211914.htm
975,https://xe.chotot.com//[object Object]-thanh-pho-hai-duong-hai-duong/87947984.htm
976,https://xe.chotot.com//[object Object]-quan-cau-giay-ha-noi/87455482.htm
977,https://xe.chotot.com//[object Object]-quan-hoang-mai-ha-noi/87058801.htm
978,https://xe.chotot.com//[object Object]-quan-hoang-mai-ha-noi/86736286.htm
979,https://xe.chotot.com//[object Object]-quan-bac-tu-liem-ha-noi/87642118.htm
980,https://xe.chotot.com//[object Object]-quan-cau-giay-ha-noi/87777596.htm
981,https://xe.chotot.com//[object Object]-quan-11-tp-ho-chi-minh/83970028.htm
982,https://xe.chotot.com//[object Object]-quan-binh-thanh-tp-ho-chi-minh/87179563.htm
983,https://xe.chotot.com//[object Object]-quan-long-bien-ha-noi/87947844.htm
984,https://xe.chotot.com//[object Object]-quan-hong-bang-hai-phong/87947839.htm
985,https://xe.chotot.com//[object Object]-huyen-gia-lam-ha-noi/87917564.htm
986,https://xe.chotot.com//[object Object]-quan-hoang-mai-ha-noi/87947833.htm
987,https://xe.chotot.com//[object Object]-quan-cau-giay-ha-noi/86383920.htm
988,https://xe.chotot.com//[object Object]-quan-ha-dong-ha-noi/86411684.htm
989,https://xe.chotot.com//[object Object]-quan-1-tp-ho-chi-minh/87335850.htm
990,https://xe.chotot.com//[object Object]-huyen-bau-bang-binh-duong/87743165.htm
991,https://xe.chotot.com//[object Object]-quan-thanh-xuan-ha-noi/87947775.htm
992,https://xe.chotot.com//[object Object]-quan-tan-phu-tp-ho-chi-minh/82597557.htm
993,https://xe.chotot.com//[object Object]-huyen-bao-lam-lam-dong/87947772.htm
994,https://xe.chotot.com//[object Object]-quan-ha-dong-ha-noi/87173274.htm
995,https://xe.chotot.com//[object Object]-quan-nam-tu-liem-ha-noi/87947768.htm
996,https://xe.chotot.com//[object Object]-quan-cau-giay-ha-noi/87947765.htm
997,https://xe.chotot.com//[object Object]-thanh-pho-long-khanh-dong-nai/87567760.htm
998,https://xe.chotot.com//[object Object]-thanh-pho-bien-hoa-dong-nai/82419091.htm
999,https://xe.chotot.com//[object Object]-thanh-pho-long-khanh-dong-nai/87176727.htm
1000,https://xe.chotot.com//[object Object]-quan-tay-ho-ha-noi/87895408.htm
1001,https://xe.chotot.com//[object Object]-quan-9-tp-ho-chi-minh/85527387.htm
1002,https://xe.chotot.com//[object Object]-quan-12-tp-ho-chi-minh/87947655.htm
1003,https://xe.chotot.com//[object Object]-thanh-pho-qui-nhon-binh-dinh/87947640.htm
1004,https://xe.chotot.com//[object Object]-quan-le-chan-hai-phong/87947638.htm
1005,https://xe.chotot.com//[object Object]-quan-tay-ho-ha-noi/87947561.htm
1006,https://xe.chotot.com//[object Object]-quan-hai-ba-trung-ha-noi/87947540.htm
1007,https://xe.chotot.com//[object Object]-thanh-pho-hue-thua-thien-hue/84899544.htm
1008,https://xe.chotot.com//[object Object]-quan-tan-phu-tp-ho-chi-minh/87761008.htm
1009,https://xe.chotot.com//[object Object]-huyen-gia-binh-bac-ninh/87887642.htm
